,date,match,points,team1,team2
0,2023-06-22,https://onefootball.com/es/partido/2352860,"[3, 0]","['Driussi', 'Zardes', 'Fagundez', 'Pereira', 'Wolff', 'Finlay', 'Gallagher', 'Radovanovic', 'Cascante', 'Lima', 'Stuver']","['Velasco', 'Endeley', 'Junqua', 'Cerrillo', 'Quignón', 'Smith', 'Farfan', 'Burgess', 'Ibeagha', 'de Jesus Rocha', 'Paes']"
1,2023-06-22,https://onefootball.com/es/partido/2385567,"[2, 2]","['Kaito Abe', 'Shohei Aihara', 'Takuro Ezaki', 'Rei Hirakawa', 'Shuhei Kamimura', 'Rimu Matsuoka', 'Yuki Omoto', 'Ryotaro Onishi', 'Takuya Shimamura', 'Yuhi Takemoto', 'Ryuga Tashiro']","['Takuma Abe', 'Ryota Araki', 'Shiryu Fujiwara', 'Sho Iwamoto', 'Keiji Kagiyama', 'Mu Kanazaki', 'Rin Morita', 'Junto Taguchi', 'Takayuki Takayasu', 'Yu Tomidokoro', 'Makito Uehara']"
2,2023-06-22,https://onefootball.com/es/partido/2385566,"[4, 1]","['Mizuki Arai', 'Kento Hashimoto', 'Akinori Ichikawa', 'Sho Ito', 'Takumi Nakamura', 'Taiga Nishiyama', 'Koki Sakamoto', 'Kazuma Takai', 'Eijiro Takeda', 'Takuya Wada', 'Towa Yamane']","['Daisuke Fukagawa', 'Agashi Inaba', 'Toi Kagami', 'Sota Kiri', 'Koki Matsubara', 'Takuto Minami', 'Tsuyoshi Miyaichi', 'Ryo Saito', 'Tatsuya Tabira', 'Masashi Wada', 'Tsubasa Yuge']"
3,2023-06-22,https://onefootball.com/es/partido/2384620,"[5, 1]","['Juan Alegría', 'Florian Baak', 'Roman Eremenko', 'Aldayr Hernandez', 'Florian Krebs', 'Mateo Ortíz', 'Paunio Roope', 'Lucas Kaufmann', 'Matias Rale', 'Niilo Saarikivi', 'Elias Äijälä']","['Niko Nurmi', 'Eero Vuorjoki']"
4,2023-06-22,https://onefootball.com/es/partido/2384621,"[0, 0]","['Mikael Anttila', 'Halil Bağcı', 'Frans Grönlund', 'Jonatan Guseff', 'Jesse Huhtala', 'Oskari Jakonen', 'Michael John', 'Mikke Louhela', 'Joonas Meura', 'Roope Pyyskanen', 'Topi Sistonen']","['Mikael Almen', 'Bismark Ampofo', 'Rodrigo Arciero', 'Petteri Forsell', 'Juuso Hamalainen', 'Tommi Jyry', 'Luka Kuittinen', 'Dimitri Legbo', 'Matias Ojala', 'Matias Riikonen', 'Darren Smith']"
5,2023-06-22,https://onefootball.com/es/partido/2384624,"[3, 0]","['Jack De Vries', 'Daan Klinkenberg', 'Johannes Laaksonen', 'Juho Lehtiranta', 'Joni Mäkelä', 'Matias Niemelä', 'Lassi Nurmos', 'Michael Ogungbaro', 'David Ramadingaye', 'Simo Roiha', 'Gabriel Sandberg']","['Enoch Adu', 'Artur Atarah', 'Gerson Lima', 'Stanislav Efimov', 'Jeannot Esua', 'Fahad Mohamed', 'Abdoulaye Kanté', 'Luc Tabi Manga', 'Alexander Leksell', 'Simon Lindholm', 'Roni Pietsalo']"
6,2023-06-22,https://onefootball.com/es/partido/2345657,"[2, 0]","['Gagua', 'Moistsrapishvili', 'Tsitaishvili', 'Gagnidze', 'Mekvabishvili', 'Guliashvili', 'Kalandadze', 'Gelashvili', 'Sazonov', 'Khvadagiani', 'Kutaladze']","['Neto', 'Carvalho Oliveira', 'Sousa', 'André Almeida', 'Dantas', 'Gonçalves Neves', 'Tavares', 'Lemos Araújo', 'Penetra', 'Natário Ferreira', 'Anssumane Biai']"
7,2023-06-21,https://onefootball.com/es/partido/2372278,"[4, 1]","['Furuhashi', 'Kamada', 'Mitoma', 'Hatate', 'Endo', 'Ito', 'Ito', 'Taniguchi', 'Itakura', 'Sugawara', 'Nakamura']","['Guerrero', 'Cueva', 'Lapadula', 'Peña', 'Yotun', 'Cartagena', 'López', 'Santamaría', 'Zambrano', 'Lora', 'Gallese']"
8,2023-06-21,https://onefootball.com/es/partido/2372257,"[1, 1]","['Cho Gue-sung', 'Lee Jae-sung', 'Lee Kang-in', 'Hwang In-beom', 'Park', 'Hwang Hee-chan', 'Kim Jin-su', 'Ji-Soo', 'Hyun Jung', 'Seol', 'Kim Seung-gyu']","['Gil', 'Osorio', 'Menjívar', 'Orellana', 'Martínez', 'Reyes', 'Roldan', 'Cabalceta', 'Zavaleta', 'Tamacas', 'Romero']"
9,2023-06-21,https://onefootball.com/es/partido/2370381,"[2, 0]","['Elkeson', 'Lin', 'Wu', 'Li', 'Shangyuan', 'Wang', 'Sun', 'Zhunyi', 'Browning', 'Zhang', 'Yan']","['Chihadeh', 'Abu Warda', 'Jaber', 'Rashid', 'Seyam', 'Jondi', 'Saleh', 'Termanini', 'Hamed Mayor', 'Mousa Farawi', 'Hamadeh']"
10,2023-06-20,https://onefootball.com/es/partido/2371983,"[0, 1]","['Sun', 'Orr', 'Chun Law', 'Wong', 'Huang', 'Lok Tan', 'Leung', 'Leung', 'Lilley Núñez', 'Yue', 'Yapp']","['Dangda', 'Sarachart', 'Songkrasin', 'Promsrikaew', 'Sukjitthammakul', 'Yooyen', 'Notechaiya', 'Dolah', 'Aukkee', 'Mickelson', 'Budprom']"
11,2023-06-19,https://onefootball.com/es/partido/2377816,"[1, 0]","['Nazira', 'Bru', 'Langue', 'Saramandif', 'Villeneuve', 'Moutou', 'Vincent', 'Collard', 'Rose', 'Balisson', 'Jean-Louis']","['Omala', 'Olunga', 'Miheso', 'Odada', 'Obiero', 'Omune', 'Sichenje', 'Ouma', 'Akumu', 'Ochieng', 'Odhiambo']"
12,2023-06-19,https://onefootball.com/es/partido/2372784,"[2, 0]","['Avalos', 'Enciso', 'Almirón', 'Villasanti', 'Ojeda', 'Rojas', 'Junior Alonso', 'Gustavo Gómez', 'Balbuena', 'José Caceres', 'Rojas']","['Smith', 'Coronel', 'Moldskred', 'Serapio', 'Montes', 'Barrera', 'Acevedo', 'Fletes', 'Téllez', 'Quijano', 'Rodríguez']"
13,2023-06-18,https://onefootball.com/es/partido/2344846,"[1, 1]","['Cernych', 'Jankauskas', 'Gineitis', 'Sesplaukis', 'Verbickas', 'Vorobjovas', 'Beneta', 'Girdvainis', 'Lekiatas', 'Lasickas', 'Gertmonas']","['Yankov Minchev', 'Delev', 'Shopov', 'Chochev', 'Despodov', 'Petkov', 'Gruev', 'Antov', 'Petkov', 'Galchev', 'Dyulgerov']"
14,2023-06-18,https://onefootball.com/es/partido/2344847,"[2, 0]","['Curci', 'Sinani', 'Borges Sanches', 'Martins', 'Martins', 'Thill', 'Jans', 'Chanot', 'Mahmutovic', 'Martins', 'Moris']","['Salanovic', 'Saglam', 'Goppel', 'Sele', 'Lüchinger', 'Hasler', 'Meier', 'Malin', 'Traber', 'Beck', 'Buchel']"
15,2023-06-18,https://onefootball.com/es/partido/2344848,"[0, 0]","['Jovetic', 'Krstovic', 'Vukcevic', 'Savicevic', 'Scekic', 'Jankovic', 'Vesovic', 'Tomasevic', 'Savic', 'Vujacic', 'Mijatovic']","['Ádám', 'Szoboszlai', 'Sallai', 'Kerkez', 'Styles', 'Nagy', 'Bolla', 'Szalai', 'Orban', 'Lang', 'Dibusz']"
16,2023-06-18,https://onefootball.com/es/partido/2344849,"[1, 2]","['Solbakken', 'Haaland', 'Sorloth', 'Aursnes', 'Berg', 'Odegaard', 'Meling', 'Ostigard', 'Strandberg', 'Ryerson', 'Nyland']","['McGinn', 'Dykes', 'Christie', 'Robertson', 'Mcgregor', 'McTominay', 'Hickey', 'Tierney', 'Hendry', 'Porteous', 'Gunn']"
17,2023-06-18,https://onefootball.com/es/partido/2344841,"[1, 1]","['Sheydaev', 'Dadashov', 'Madatov', 'Makhmudov', 'Camalov', 'Isaev', 'Jafarguliyev', 'Guseynov', 'Mustafazada', 'Hagverdi', 'Magomedaliyev']","['Sappinen', 'Anier', 'Sinyavskiy', 'Vassiljev', 'Käit', 'Miller', 'Lukka', 'Kuusk', 'Mets', 'Peetson', 'Jacob Hein']"
18,2023-06-18,https://onefootball.com/es/partido/2344845,"[1, 2]","['Thorsteinsson', 'Finnbogason', 'Gudmundsson', 'Gudmundsson', 'Palsson', 'Willumsson', 'Fridriksson', 'Magnusson', 'Ingason', 'Sampsted', 'Runarsson']","['Mak', 'Polievka', 'Schranz', 'Hamsik', 'Lobotka', 'Kucka', 'Hancko', 'Skriniar', 'Vavro', 'Pekarik', 'Dubravka']"
19,2023-06-18,https://onefootball.com/es/partido/2344850,"[3, 0]","['Ronaldo', 'Félix', 'Bernardo Silva', 'Guerreiro', 'Fernandes', 'Palhinha', 'Cancelo', 'Pereira', 'Dias', 'Silva', 'Costa']","['Dzeko', 'Stevanovic', 'Hadziahmetovic', 'Pjanic', 'Cimirot', 'Kolasinac', 'Sanicanin', 'Ahmedhodzic', 'Barisic', 'Dedic', 'Sehic']"
20,2023-06-18,https://onefootball.com/es/partido/2344843,"[1, 2]","['Tzionis', 'Pittas', 'Correia', 'Charalambous', 'Kousoulos', 'Kastanos', 'Antoniou', 'Laifis', 'Gogic', 'Karo', 'Mall']","['Kvaratskhelia', 'Mikautadze', 'Azarov', 'Kiteishvili', 'Kvekveskiri', 'Chakvetadze', 'Gocholeishvili', 'Lochoshvili', 'Kashia', 'Kakabadze', 'Mamardashvili']"
21,2023-06-18,https://onefootball.com/es/partido/2344842,"[1, 1]","['Lukaku', 'Carrasco', 'Doku', 'Mangala', 'Tielemans', 'Castagne', 'Lukebakio', 'Theate', 'Dendoncker', 'Faes', 'Courtois']","['Gregoritsch', 'Arnautovic', 'Wimmer', 'Schlager', 'Seiwald', 'Baumgartner', 'Wober', 'Alaba', 'Lienhart', 'Posch', 'Schlager']"
22,2023-06-18,https://onefootball.com/es/partido/2344840,"[2, 0]","['Cikalleshi', 'Uzuni', 'Bajrami', 'Ramadani', 'Asani', 'Bare', 'Mitaj', 'Djimsiti', 'Ismajli', 'Hysaj', 'Berisha']","['Damascan', 'Nicolaescu', 'Rata', 'Baboglo', 'Motpan', 'Reabciuk', 'Posmac', 'Mudrac', 'Craciun', 'Revenco', 'Railean']"
23,2023-06-18,https://onefootball.com/es/partido/2344844,"[0, 3]","['Knudsen', 'Vatnhamar', 'Andreasen', 'Joensen', 'Bjartalid', 'Davidsen', 'Vatnhamar', 'Vatnsdal', 'Faero', 'Sorensen', 'Gestsson']","['Kuchta', 'Jurecka', 'Hlozek', 'Cerny', 'Kral', 'Soucek', 'Jurásek', 'Krejci Ii', 'Holes', 'Coufal', 'Pavlenka']"
24,2023-06-18,https://onefootball.com/es/partido/2380617,"[4, 1]","['Vinícius Júnior', 'Richarlison', 'Rodrygo', 'Lucas Paquetá', 'Casemiro', 'Joelinton', 'Ayrton Lucas', 'Marquinhos', 'Éder Militão', 'Danilo', 'Ederson']","['Guirassy', 'Kamano', 'Keita', 'Guilavogui', 'Ilaix', 'Diawara', 'Sylla', 'Diakhaby', 'Sow', 'Conte', 'Kone']"
25,2023-06-17,https://onefootball.com/es/partido/2373573,"[4, 0]","['Elkeson', 'Lin', 'Wu', 'Yang', 'Shangyuan', 'Xin', 'Sun', 'Zhunyi', 'Browning', 'Zhang', 'Yan']","['Maung Lwin', 'Paing', 'Lwin Moe', 'Thu Aung', 'Wai', 'Naing Oo', 'Hein', 'Thiha', 'Kyaw', 'Hein', 'Zin Phyo']"
26,2023-06-17,https://onefootball.com/es/partido/2371993,"[2, 2]","['Yu', 'Chen', 'Estevez', 'Yen', 'Wu', 'Yu', 'Fong', 'Wu', 'Wang', 'Wang', 'Pan']","['Dangda', 'Sarachart', 'Songkrasin', 'Puangchan', 'Pomphan', 'Yooyen', 'Notechaiya', 'Kaman', 'Praisuwan', 'Mickelson', 'Khammai']"
27,2023-06-17,https://onefootball.com/es/partido/2372256,"[0, 1]","['Hwang Hee-chan', 'Oh', 'Lee Jae-sung', 'Won', 'Hwang In-beom', 'Lee Kang-in', 'Lee', 'Ji-Soo', 'Hyun Jung', 'Ahn', 'Kim Seung-gyu']","['Guerrero', 'Reyna', 'Gonzales', 'Flores', 'Aquino', 'Yotun', 'Trauco', 'Callens', 'Araujo', 'Lora', 'Gallese']"
28,2023-06-17,https://onefootball.com/es/partido/2367436,"[4, 1]","['Quaison', 'Claesson', 'Karlsson', 'Olsson', 'Cajuste', 'Rohden', 'Gudmundsson', 'Ekdal', 'Starfelt', 'Sundgren', 'Nordfeldt']","['Just', 'Waine', 'Mccowatt', 'Stamenic', 'Bell', 'Garbett', 'Cacace', 'Boxall', 'Tuiloma', 'Payne', 'Sail']"
29,2023-06-23,https://onefootball.com/es/partido/2352292,"[2, 0]","['McGonigle', 'Graydon', 'McEneff', 'Kavanagh', 'Diallo', ""O'Reilly"", 'McJannet', 'McEleney', 'Connolly', 'Boyce', 'Maher']","['Keating', 'Owolabi', 'Bolger', ""O'Donovan"", 'Healy', 'Custovic', 'Walker', 'Coleman', 'Gilchrist', 'Honohan', 'Corcoran']"
30,2023-06-24,https://onefootball.com/es/partido/2372134,"[1, 1]","['Ferreira', 'Morris', 'Sonora', 'Zendejas', 'Sands', 'Morris', 'Tolkin', 'Long', 'Miazga', 'Yedlin', 'Turner']","['Ferreira', 'Morris', 'Sonora', 'Zendejas', 'Sands', 'Morris', 'Tolkin', 'Long', 'Miazga', 'Yedlin', 'Turner']"
31,2023-06-25,https://onefootball.com/es/partido/2372133,"[3, 0]","['Garcia', 'Auvray', 'Molino', 'Telfer', 'Hackshaw', 'Rampersad', 'Hodge', 'Bateau', 'Moses', 'Jones', 'Frenderup']","['Freeman', 'Williams', 'Sawyers', 'Sterling-James', 'Mitchum', 'Somersall', 'Ible', 'Burley', 'Maynard', 'Roberts', 'Archibald']"
32,2023-06-25,https://onefootball.com/es/partido/2372132,"[2, 1]","['Pierrot', 'Nazon', 'Etienne', 'Picault', 'Alceus', 'Sainté', 'Junior', 'Métusala', 'Adé', 'Carlens', 'Pierre']","['Ahmed Shehata', 'Muntari', 'Abdurisag', 'Tarek', 'Fatehi Abdoun', 'Gaber', 'Homam', 'Salman', 'Al Hamawende', 'Bassam', 'Barsham']"
33,2023-06-26,https://onefootball.com/es/partido/2372135,"[1, 2]","['Gil', 'Osorio', 'Menjívar', 'Martínez', 'Landaverde', 'Reyes', 'Roldan', 'Cabalceta', 'Zavaleta', 'Tamacas', 'Romero']","['Labeau', 'Burner', 'Fortune', 'Fabien', 'Herelle', 'Mandouki', 'Lapis', 'Rivierez', 'Poulolo', 'Labonne', 'Clementia']"
34,2023-06-26,https://onefootball.com/es/partido/2372137,"[1, 2]","['Alcócer', 'Contreras', 'Campbell', 'Zúñiga', 'Peña', 'Borges', 'Valverde', 'Calvo', 'Vargas', 'Waston', 'Chamorro']","['Bárcenas', 'León', 'Carrasquilla', 'Godoy', 'Fajardo', 'Davis', 'Andrade', 'Cummings', 'Escobar', 'Murillo', 'Mosquera']"
35,2023-06-27,https://onefootball.com/es/partido/2370497,"[3, 0]","['Vitor Roque', 'Canobbio', 'Vitor Bueno', 'Christian', 'Fernandinho', 'Erick', 'Khellven', 'Ivaldo', 'Thiago Heleno', 'Pedro Henrique', 'Bento']","['Reyna', 'Barcos', 'Rodriguez Iraola', 'Castillo', 'Ballón', 'Concha', 'Lagos', 'García', 'Míguez', 'Yordi Vilchez', 'Campos']"
36,2023-06-27,https://onefootball.com/es/partido/2370498,"[1, 1]","['Villalba', 'Santa Cruz', 'González', 'Gómez', 'Riveros', 'Sanabria', 'Espinoza', 'Barboza', 'Vieira', 'Piris', 'Silva']","['Paulinho', 'Hulk', 'Pavón', 'Zaracho', 'Battaglia', 'Edenilson', 'Guilherme Arana', 'Jemerson', 'Lemos', 'Mariano', 'Everson']"
37,2023-06-28,https://onefootball.com/es/partido/2370501,"[3, 1]","['Luiz Adriano', 'Wanderson', 'Patrick', 'Maurício', 'Rómulo', 'Johnny', 'Rene', 'Mercado', 'Vitao', 'Bustos', 'John']","['Pons', 'Cabezas', 'Ángel Monsalve', 'Alvarado', 'Torres', 'Cetre', 'Londoño', 'Cadavid', 'Palacios', 'Monroy', 'Mosquera']"
38,2023-06-28,https://onefootball.com/es/partido/2370502,"[1, 0]","['Ramirez', 'Pereiro', 'Zabala', 'Martinez', 'Rodríguez', 'Rodríguez', 'Candido', 'Polenta', 'Noguera', 'Lozano', 'Rochet']","['Ortiz', 'Bareiro', 'Vargas', 'Larotonda Adan', 'Cermeño', 'Gomez', 'Cova', 'Pabón', 'Ferro', 'Vargas', 'Schiavone']"
39,2023-06-28,https://onefootball.com/es/partido/2370508,"[4, 0]","['Pedro', 'Bruno Henrique', 'De Arrascaeta', 'Gomes Silva', 'Éverton Ribeiro', 'Thiago Maia', 'Filipe Luis', 'Leo Pereira', 'Luiz', 'Wesley', 'Matheus Cunha']","['Castillo', 'Otero', 'Vega', 'Quinonez', 'Cano', 'Quintero', 'Cuero', 'Ángel', 'Canga', 'Briones', 'Galíndez']"
40,2023-06-28,https://onefootball.com/es/partido/2370510,"[4, 0]","['Romero', 'Hauche', 'Gómez', 'Nardoni', 'Rojas', 'Moreno', 'Rojas', 'Piovi', 'Sigali', 'Pillud', 'Arias']","['Aranguiz', 'Vilches', 'Cordova', 'Henríquez', 'Rivera', 'Leiva', 'Rebolledo', 'Abascia', 'Cerezo', 'Guerrero', 'Pérez']"
41,2023-06-28,https://onefootball.com/es/partido/2370507,"[3, 0]","['Felipe Augusto', 'Gassova Ribeiro Teixeira', 'Giuliano', 'Matheus Araujo', 'Adson', 'Vera', 'Fábio Santos', 'Murillo', 'Andrade Caetano', 'Ramos', 'Miguel']","['Medina', 'Bentancourt', 'Rodríguez', 'Nápoli', 'Lemos', 'Díaz', 'Samudio', 'Izquierdo', 'Pereira', 'Martirena', 'Britos']"
42,2023-06-28,https://onefootball.com/es/partido/2370509,"[3, 2]","['Hoyos', 'Díaz', 'Páez', 'Faravelli', 'Ortíz', 'Alcívar', 'Medina', 'García', 'Carabajal', 'Fernandez', 'Villa']","['Avalos', 'Rodríguez', 'Gonzalez', 'Cabrera', 'Moyano', 'Redondo', 'Montiel', 'Gozalez', 'Torrén', 'Mac Allister', 'Arias']"
43,2023-06-28,https://onefootball.com/es/partido/2372140,"[4, 1]","['Bailey', 'Antonio', 'Gray', 'Latibeaudiere', 'Lambert', 'Decordova-Reid', 'Lawrence', 'Bernard', 'Lowe', 'Brown', 'Blake']","['Garcia', 'Fortune', 'Hackshaw', 'Rampersad', 'Shaw', 'Gómez', 'Devid', 'Moses', 'Bateau', 'Jones', 'Frenderup']"
44,2023-06-28,https://onefootball.com/es/partido/2372141,"[0, 6]","['Terrell', 'Freeman', 'Williams', 'Somersall', 'Burley', 'Sawyers', 'Ible', 'Williams', 'Maynard', 'Roberts', 'Archibald']","['Cowell', 'Ferreira', 'Zendejas', 'Mihailovic', 'Sands', 'Busio', 'Jones', 'Neal', 'Miazga', 'Reynolds', 'Johnson']"
45,2023-06-29,https://onefootball.com/es/partido/2370505,"[4, 0]","['Barco', 'Merentiel', 'Fernández', 'Payero', 'Varela', 'Medina', 'Fabra', 'Valentini', 'Valdez', 'Weigandt', 'Romero']","['Basante', 'Carrión', 'Romero', 'Rivas', 'Martínez', 'Arroyo', 'Rodriguez', 'Ramirez', 'Castillo', 'Anderson', 'Roa']"
46,2023-06-29,https://onefootball.com/es/partido/2370506,"[0, 0]","['Bolados Hidalgo', 'Pizarro', 'Palacios', 'Bouzat', 'Pávez', 'Fuentes', 'Rojas', 'Wiemberg', 'Saldivia', 'Falcón', 'De Paul']","['Rodriguez', 'Valencia', 'Esteban Fory', 'Pablo Zuluaga', 'Velásquez', 'Angulo', 'Moreno', 'Suárez', 'Vásquez', 'Quintero', 'Quintana']"
47,2023-06-29,https://onefootball.com/es/partido/2370511,"[2, 2]","['Fydriszewski', 'Preciado', 'Diaz', 'Corozo', 'De Almeida', 'Gaibor', 'Arlen Portocarrero', 'Sosa', 'Emiliano Rodriguez', 'Pineida', 'Burrai']","['Churín', 'Carrizo', 'Viera', 'Bobadilla', 'Aquino', 'Carrscal', 'Baez', 'Schroeder Brock', 'Patiño', 'Espinola', 'Jean']"
48,2023-06-29,https://onefootball.com/es/partido/2370512,"[4, 0]","['Rony', 'Dudu', 'Raphael Veiga', 'Artur', 'Richard Ríos', 'Gabriel Menino', 'Piquerez Moreira', 'Gustavo Gómez', 'Luan', 'Mayke', 'Weverton']","['Fernandez', 'Fernández', 'Rodríguez', 'Villamíl', 'Justiniano', 'Saucedo', 'Sagredo', 'Ferreyra', 'Bentaberry', 'Manuel Sagredo', 'Lampe']"
49,2023-06-29,https://onefootball.com/es/partido/2372143,"[1, 1]","['Muftah Al Abdullah', 'Waad', 'Tarek', 'Assadalla', 'Abdurisag', 'Fatehi Abdoun', 'Homam', 'Salman', 'Al Hamawende', 'Bassam', 'Barsham']","['Bengtson', 'Elis', 'Rosales', 'Lopez', 'Flores', 'Acosta', 'Elvir', 'Vega', 'Santos', 'Núñez', 'Menjívar']"
50,2023-06-16,https://onefootball.com/es/partido/2374211,"[3, 2]","['Đuričić', 'Jovanovic', 'Samardzic', 'Kostić', 'Račić', 'Grujić', 'Lazović', 'Babić', 'Masovic', 'Eraković', 'Rajković']","['Al-Taamari', 'Ali Al Olwan', 'Al Naimat', 'Hadad', 'Saadeh', 'Ali Al Rawabdeh', 'Al Mardi', 'Musallam Nasib', 'Al Arab', 'Abu Hasheesh', 'Abu Laila']"
51,2023-06-16,https://onefootball.com/es/partido/2372380,"[1, 0]","['Lewandowski', 'Jakub Błaszczykowski', 'Zieliński', 'Szymański', 'Szymański', 'Kamiński', 'Kiwior', 'Kędziora', 'Bednarek', 'Bereszyński', 'Szczęsny']","['Havertz', 'Musiala', 'Wirtz', 'Henrichs', 'Kimmich', 'Can', 'Hofmann', 'Rüdiger', 'Thiaw', 'Kehrer', 'Ter Stegen']"
52,2023-06-16,https://onefootball.com/es/partido/2372512,"[1, 0]","['Borre', 'Díaz', 'Carrascal Guado', 'Valoyes', 'Lerma', 'Cuadrado', 'Salazar', 'Lucumi', 'Sánchez', 'Munoz', 'Montero']","['Abdulla', 'Yakob', 'Aboud Al Ammari', 'Rashid', 'Bayesh', 'Ghazi Salih', 'Faez', 'Natiq Naji', 'Dhia Putros', 'Mohideen', 'Hassan']"
53,2023-06-16,https://onefootball.com/es/partido/2374348,"[5, 0]","['Barticciotto', 'Brereton Díaz', 'Vidal', 'Valdés', 'Núñez', 'Pulgar', 'Suazo', 'Medel', 'Catalán', 'Delgado', 'Arias']","['Vásquez', 'Romero', 'Leonardo', 'Azcona', 'Ventura', 'Reyes', 'Díaz', 'De Lucas', 'García', 'Melo', 'Valdez']"
54,2023-06-16,https://onefootball.com/es/partido/2344833,"[2, 0]","['Pohjanpalo', 'Pukki', 'Kairinen', 'Schuller', 'Antman', 'Niskanen', 'Jensen', 'Ivanov', 'Hoskonen', 'Alho', 'Hradecky']","['Sesko', 'Sporar', 'Lovric', 'Stojanovic', 'Gnezda Cerin', 'Zajc', 'Balkovec', 'Bijol', 'Brekalo', 'Karnicnik', 'Belec']"
55,2023-06-16,https://onefootball.com/es/partido/2344838,"[0, 3]","['Berardi', 'Nanni', 'Tosi', 'Lazzari', 'Capicchioni', 'Golinucci', 'Battistini', 'Rossi', 'Di Maio', 'Fabbri', 'Benedettini']","['Samorodov', 'Orazov', 'Tagybergen', 'Beysebekov', 'Kuat', 'Vorogovskiy', 'Alip', 'Marochkin', 'Bystrov', 'Gabyshev', 'Shatskiy']"
56,2023-06-16,https://onefootball.com/es/partido/2344832,"[1, 0]","['Hojlund', 'Braithwaite', 'Wind', 'Skov Olsen', 'Eriksen', 'Højbjerg', 'Mæhle', 'Christensen', 'Kjær', 'Andersen', 'Schmeichel']","['Lavery', 'Price', 'Hume', 'Saville', 'Charles', 'Mccann', 'Bradley', 'Brown', 'Evans', 'McNair', 'Peacock Farrell']"
57,2023-06-16,https://onefootball.com/es/partido/2344835,"[2, 1]","['Pavlidis', 'Pelkas', 'Bakasetas', 'Masouras', 'Mantalos', 'Kourbelis', 'Tsimikas', 'Chatzidiakos', 'Mavropanos', 'Baldock', 'Vlachodimos']","['Ferguson', 'Idah', 'Smallbone', ""O'Dowda"", 'Molumby', 'Cullen', 'Doherty', 'Lenihan', 'Egan', 'Collins', 'Bazunu']"
58,2023-06-16,https://onefootball.com/es/partido/2344834,"[0, 3]","['El Hmidi', 'Ronan', 'Hartman', 'Pozo', 'Casciaro', 'Britto', 'Mascarenhas-Olivero', 'Lopes', 'Chipolina', 'Sergeant', 'Coleing']","['Mbappé', 'Giroud', 'Coman', 'Camavinga', 'Tchouaméni', 'Griezmann', 'Hernandez', 'Konaté', 'Fofana', 'Pavard', 'Samba']"
59,2023-06-16,https://onefootball.com/es/partido/2344744,"[0, 4]","['Jones', 'Nwoko', 'Attard', 'Teuma', 'Guillaumier', 'Kristensen', 'Mbong', 'Muscat', 'Borg', 'Apap', 'Bonello']","['Maddison', 'Kane', 'Saka', 'Henderson', 'Rice', 'Alexander-Arnold', 'Shaw', 'Maguire', 'Guehi', 'Trippier', 'Pickford']"
60,2023-06-16,https://onefootball.com/es/partido/2344743,"[2, 3]","['Trajkovski', 'Nestorovski', 'Elmas', 'Alioski', 'Bardhi', 'Ademi', 'Askovski', 'Musliu', 'Zajkov', 'Ristovski', 'Dimitrievski']","['Dovbyk', 'Tsygankov', 'Mudryk', 'Sudakov', 'Stepanenko', 'Yarmolenko', 'Mykolenko', 'Matviyenko', 'Zabarnyi', 'Tymchyk', 'Trubin']"
61,2023-06-16,https://onefootball.com/es/partido/2344839,"[2, 4]","['Moore', 'James', 'Wilson', 'Johnson', 'Ramsey', 'Ampadu', 'Davies', 'Rodon', 'Mepham', 'Roberts', 'Ward']","['Ranos', 'Zelarrayán', 'Barseghyan', 'Tiknizyan', 'Spertsyan', 'Iwu', 'Dashyan', 'Mkrtchyan', 'Harutyunyan', 'Calisir', 'Cancarevic']"
62,2023-06-16,https://onefootball.com/es/partido/2344837,"[2, 3]","['Gutkovskis', 'Uldrikis', 'Ciganiks', 'Emsis', 'Tobers', 'Jaunzems', 'Jurkovskis', 'Balodis', 'Oss', 'Savalnieks', 'Purins']","['Nayir', 'Kerem Akturkoglu', 'Güler', 'Under', 'Kokcu', 'Calhanoglu', 'Kadioglu', 'Bardakci', 'Demiral', 'Celik', 'Gunok']"
63,2023-06-16,https://onefootball.com/es/partido/2344836,"[0, 0]","['Muriqi', 'Muslija', 'Celina', 'Rashica', 'Fazliji', 'Dresevic', 'Paqarada', 'Aliti', 'Rrahmani', 'Vojvoda', 'Muric']","['Coman', 'Puscas', 'Man', 'Stanciu', 'Baluta', 'Marin', 'Camora', 'Andonie Burca', 'Dragusin', 'Manea', 'Moldovan']"
64,2023-06-16,https://onefootball.com/es/partido/2344831,"[1, 2]","['Ebong', 'Morozov', 'Yuzepchuk', 'Kaplenko', 'Selyava', 'Kovalev', 'Pechenin', 'Polyakov', 'Politevich', 'Bykov', 'Ignatovich']","['Solomon', 'Baribo', 'Abada', 'Abu Fani', 'Peretz', 'Safuri', 'Davidzada', 'Goldberg', 'Shlomo', 'Dasa', 'Glazer']"
65,2023-06-16,https://onefootball.com/es/partido/2344830,"[1, 2]","['Rosas', 'Cervos', 'Vales', 'Rebes', 'Alaez', 'San Nicolas', 'Alavedra', 'Guillén', 'Llovera', 'Rubio', 'Iker']","['Vargas', 'Amdouni', 'Shaqiri', 'Xhaka', 'Zakaria', 'Freuler', 'Rodríguez', 'Elvedi', 'Akanji', 'Fernandes', 'Kobel']"
66,2023-06-15,https://onefootball.com/es/partido/2372424,"[6, 0]","['Mitoma', 'Ueda', 'Kubo', 'Hatate', 'Morita', 'Dōan', 'Morishita', 'Taniguchi', 'Itakura', 'Sugawara', 'Osako']","['Henríquez', 'Gil', 'Reyes', 'Landaverde', 'Orellana', 'Pérez', 'Roldan', 'Rodríguez', 'Zavaleta', 'Tamacas', 'González']"
67,2023-06-15,https://onefootball.com/es/partido/2376344,"[2, 0]","['Mac Allister', 'Messi', 'González', 'Fernández', 'De Paul', 'Di María', 'Acuña', 'Otamendi', 'Romero', 'Molina', 'Martínez']","['Maclaren', 'Duke', 'McGree', 'O`Neill', 'Baccus', 'Leckie', 'Bos', 'Rowles', 'Souttar', 'Atkinson', 'Ryan']"
68,2023-06-15,https://onefootball.com/es/partido/2374635,"[1, 2]","['Burke', 'Nicholson', 'Parris', 'Latibeaudiere', 'Russell', 'Richards', 'Bell', 'Mariappa', 'King', 'Lembikisa', 'Waite']","['Almoez', 'Muntari', 'Abdurisag', 'Tarek', 'Fatehi Abdoun', 'Assadalla', 'Homam', 'Salman', 'Al Hamawende', 'Bassam', 'Zakaria']"
69,2023-06-15,https://onefootball.com/es/partido/2373520,"[1, 0]","['Soteldo', 'Rondón', 'Jefferson Savarino', 'Machís', 'Martinez', 'Rosales', 'Chancellor', 'Ángel', 'Herrera', 'Osorio', 'Graterol']","['Benguché', 'Pinto', 'Lopez', 'Elis', 'Álvarez', 'Flores', 'Rosales', 'Vega', 'Meléndez', 'Santos', 'López']"
70,2023-06-15,https://onefootball.com/es/partido/2374274,"[0, 1]","['Contreras', 'Suárez', 'Núñez', 'Azofeifa', 'Campos', 'Valverde', 'Calvo', 'Waston', 'Arboine', 'Fuller', 'Chamorro']","['Mejía', 'Rubin', 'García', 'Castellanos', 'Galindo', 'Saravia', 'Ardón', 'Samayoa', 'Pinto', 'Herrera', 'Hagen']"
71,2023-06-15,https://onefootball.com/es/partido/2361777,"[2, 1]","['Morata', 'Yeremy', 'Gavi', 'Rodrigo Moreno', 'Merino', 'Rodri', 'Alba', 'Laporte', 'Le Normand', 'Navas', 'Simón']","['Immobile', 'Zaniolo', 'Spinazzola', 'Barella', 'Jorginho', 'Frattesi', 'Di Lorenzo', 'Acerbi', 'Bonucci', 'Toloi', 'Donnarumma']"
72,2023-06-15,https://onefootball.com/es/partido/2370514,"[0, 2]","['Waterman', 'León', 'Bárcenas', 'Blackman', 'Godoy', 'Carrasquilla', 'Murillo', 'Andrade', 'Escobar', 'Cummings', 'Mosquera']","['Larin', 'Buchanan', 'David', 'Laryea', 'Koné', 'Eustáquio', 'Adekugbe', 'Vitória', 'Miller', 'Johnston', 'Borjan']"
73,2023-06-15,https://onefootball.com/es/partido/2370513,"[3, 0]","['Balogun', 'Pulisic', 'Reyna', 'Weah', 'McKennie', 'Musah', 'Robinson', 'Richards', 'Robinson', 'Dest', 'Turner']","['Martín', 'Pineda', 'Gallardo', 'Álvarez', 'Chávez', 'Antuna', 'Sánchez', 'Guzmán Olmedo', 'Montes', 'Reyes', 'Ochoa']"
74,2023-06-14,https://onefootball.com/es/partido/2377815,"[1, 0]","['Olunga', 'Shummah', 'Obiero', 'Odada', 'Sichenje', 'Sakari', 'Ouma', 'Akumu', 'Ochieng', 'Omar', 'Odhiambo']","['Hamid', 'Bashir', 'Khan', 'Uzair', 'Suliman', 'Nabi', 'Moosa', 'Sufyan Asif', 'Iqbal', 'Khan', 'Butt']"
75,2023-06-14,https://onefootball.com/es/partido/2369271,"[0, 0]","['Struick', 'Drajad', 'Sayuri', 'Kambuaya', 'Klok', 'Ferdinan', 'Arhan', 'Baggott', 'Ridho', 'Mangkualam', 'Fadil']","['Wadi', 'Abu Warda', 'Seyam', 'Yameen', 'Jaber', 'Rashid', 'Jondi', 'Hamed Mayor', 'Saleh', 'Mousa Farawi', 'Hamadeh']"
76,2023-06-14,https://onefootball.com/es/partido/2343488,"[2, 4]","['Gakpo', 'Simons', 'Koopmeiners', 'Malen', 'De Jong', 'Wieffer', 'Aké', 'Van Dijk', 'Geertruida', 'Dumfries', 'Bijlow']","['Ivanusec', 'Kramarić', 'Pašalić', 'Kovačić', 'Brozović', 'Modrić', 'Perišić', 'Vida', 'Šutalo', 'Juranović', 'Livaković']"
77,2023-06-13,https://onefootball.com/es/partido/2347046,"[1, 0]","['Ábila', 'Pierotti', 'Pablo Alvarez', 'Picco', 'Perlaza', 'Schott', 'Delgado', 'Nardelli', 'Garces', 'Meza', 'Chicco']","['Sosa', 'Boselli', 'Rollheiser', 'Benedetti', 'Rodriguez', 'Zuqui', 'Romero', 'Núñez', 'Lollo', 'Godoy', 'Andújar']"
78,2023-06-13,https://onefootball.com/es/partido/2347047,"[2, 0]","['Fernandez', 'Togni', 'Barbona', 'Alanís', 'Gutiérrez', 'Lopez', 'Soto', 'Cardona', 'Colombo', ""Sant'Anna"", 'Ezequiel Unsain']","['Vegetti', 'Sánchez', 'Zapelli', 'Hesar', 'Longo', 'Pereira', 'Ibacache', 'Meriano', 'Rébola', 'Barinaga', 'Losada']"
79,2023-06-13,https://onefootball.com/es/partido/2347048,"[2, 1]","['Coronel', 'Estigarribia', 'Ruiz Rodriguez', 'Pereyra', 'Sanchez', 'Gaston Acosta', 'Orihuela', 'Romero', 'Bianchi', 'Ivan Tesuri', 'Marchiori']","['Allende', 'Conechny', 'Lopez Munoz', 'Fernandez', 'Nunez', 'Abrego', 'Meli', 'Rasmussen', 'Salvareschi', 'Barrios', 'Rodríguez']"
80,2023-06-13,https://onefootball.com/es/partido/2347055,"[1, 0]","['Tarragona', 'Domínguez', 'Lescano', 'Soldano', 'Napolitano', 'Miramon', 'Gallo', 'Sánchez', 'Morales', 'González', 'Durso']","['Cordero', 'Cóccaro', 'Carlos Gauto', 'Godoy', 'Hezze', 'Benitez', 'Carrizo', 'Sauro', 'Torrent', 'Gudino', 'Chaves']"
81,2023-06-12,https://onefootball.com/es/partido/2372379,"[3, 3]","['Füllkrug', 'Sané', 'Raum', 'Kimmich', 'Brandt', 'Wolf', 'Goretzka', 'Schlotterbeck', 'Ginter', 'Rüdiger', 'Trapp']","['Dovbyk', 'Tsygankov', 'Mudryk', 'Sudakov', 'Stepanenko', 'Yarmolenko', 'Mykolenko', 'Matviyenko', 'Zabarnyi', 'Tymchyk', 'Trubin']"
82,2023-06-12,https://onefootball.com/es/partido/2387673,"[3, 0]","['Dughaim M. J. H. Al Rasheedi', 'Al Khaldi', 'Daham', 'Abdullah Al Buloushi', 'Hajiah', 'Al Enezi', 'Al Harbi', 'Al Dhefiri', 'Hussain Mohammad Dashti', 'Al Qallaf', 'Al Majdali']","['Lumbiya', 'Siankombo', 'Kambole', 'Shamende', 'Banda', 'Chirwa', 'Katebe', 'Kosamu', 'Sichone', 'Kamanga', 'Chibwe']"
83,2023-06-12,https://onefootball.com/es/partido/2374735,"[0, 0]","['Boufal', 'Hamdallah', 'Ziyech', 'Sabiri', 'Amrabat', 'Louza', 'Mazraoui', 'Aguerd', 'Kandouss', 'Hakimi', 'Munir']","['Mendes', 'Tavares Andrade', 'Patrick', 'Moreira Fernandes', 'Tavares', 'Silva Teixeira Jr.', 'Tavares dos Santos', 'Borges', 'Stopira', 'Semedo Afonso', 'Évora Dias']"
84,2023-06-11,https://onefootball.com/es/partido/2374346,"[3, 0]","['Bolados Hidalgo', 'Aravena', 'Altamirano', 'Davila', 'Núñez', 'Alarcón', 'Mena', 'Echeverría', 'Zaldivia', 'Mehssatou', 'Campos']","['Ruiz', 'Matos', 'Pérez', 'Hernandez', 'Paradela', 'Morejon', 'Vázquez', 'Piedra', 'Méndez', 'Palma', 'Sanchez']"
85,2023-06-11,https://onefootball.com/es/partido/2383894,"[1, 3]","['Nzola', 'Shomurodov', 'Reca', 'Bourabia', 'Espósito', 'Żurkowski', 'Ferrer', 'Nikolaou', 'Ampadu', 'Wisniewski', 'Drągowski']","['Duric', 'Lazović', 'Ngonge', 'Depaoli', 'Suleman Kakari', 'Tameze', 'Faraoni', 'Dawidowicz', 'Hien', 'Magnani', 'Montipo']"
86,2023-06-10,https://onefootball.com/es/partido/2369371,"[1, 0]","['Haaland', 'Grealish', 'Gündoğan', 'De Bruyne', 'Bernardo Silva', 'Rodri', 'Stones', 'Aké', 'Dias', 'Akanji', 'Ederson']","['Martínez', 'Dzeko', 'Dimarco', 'Calhanoglu', 'Brozović', 'Barella', 'Dumfries', 'Bastoni', 'Acerbi', 'Darmian', 'Onana']"
87,2023-06-10,https://onefootball.com/es/partido/2374347,"[3, 2]","['Davis', 'Yanis', 'Rodríguez', 'Welch', 'Stephens', 'Góndola', 'Anderson', 'Blackman', 'Miller', 'Martínez', 'Mejía']","['Talavera', 'Coronel', 'Hernández', 'Medina', 'Serapio', 'Arteaga', 'Peréz', 'Fletes', 'Reyes', 'Rodríguez', 'López']"
88,2023-06-10,https://onefootball.com/es/partido/2373429,"[2, 2]","['Herrera', 'De La Rosa', 'Antuna', 'Gallardo', 'Chávez', 'Romo', 'Sánchez', 'Sepúlveda', 'Araujo', 'Reyes', 'Malagon']","['Toko Ekambi', 'Ngamaleu', 'Ntcham', 'Kemen', 'Mbeumo', 'Kunde', 'Fai', 'Nkoulou', 'Gonzalez', 'Mbaizo', 'Ondoa']"
89,2023-06-30,https://onefootball.com/es/partido/2372144,"[1, 2]","['Labeau', 'Marny', 'Mexique', 'Reuperné', 'Ephestion', 'Arbaut', 'Lapis', 'Michalet', 'Poulolo', 'Thimon', 'De Percin']","['Fajardo', 'Bárcenas', 'Quintero', 'Davis', 'Godoy', 'Carrasquilla', 'Murillo', 'Andrade', 'Cummings', 'Escobar', 'Mosquera']"
90,2023-06-30,https://onefootball.com/es/partido/2372145,"[0, 0]","['Gil', 'Pérez', 'Menjívar', 'Landaverde', 'Orellana', 'Henríquez', 'Roldan', 'Cabalceta', 'Zavaleta', 'Tamacas', 'González']","['Alcócer', 'Campbell', 'Mora', 'Núñez', 'Suárez', 'Borges', 'Valverde', 'Calvo', 'Vargas', 'Waston', 'Chamorro']"
91,2023-07-01,https://onefootball.com/es/partido/2372146,"[1, 4]","['Reyes', 'Paradela', 'Hernandez', 'Pozo', 'Matos', 'Piedra', 'Corrales', 'Vázquez', 'Méndez', 'Pérez', 'Arozarena']","['Ambrose', 'Phaëton', 'Leborgne', 'Tell', 'Gravilon', 'Solvet', 'Baron', 'Avinel', 'Lina', 'Alphonse', 'Rouyard']"
92,2023-07-01,https://onefootball.com/es/partido/2372147,"[0, 0]","['Lom', 'Mejía', 'Galindo', 'Mendez Laing', 'Saravia', 'Castellanos', 'Ardón', 'Samayoa', 'Pinto', 'Herrera', 'Hagen']","['Hoilett', 'Cavallini', 'Millar', 'Osorio', 'Fraser', 'Ahmed', 'Laryea', 'Miller', 'Vitória', 'Lumpungu', 'Borjan']"
93,2023-07-02,https://onefootball.com/es/partido/2372149,"[5, 0]","['Antonio', 'Gray', 'Bailey', 'Parris', 'Russell', 'Latibeaudiere', 'Bell', 'Mariappa', 'Bernard', 'Lembikisa', 'Waite']","['Liburd', 'Sterling-James', 'Sawyers', 'Mitchum', 'Williams', 'Somersall', 'Hanley', 'Williams', 'Maynard', 'Roberts', 'Archibald']"
94,2023-07-02,https://onefootball.com/es/partido/2372151,"[6, 0]","['Roldán', 'Ferreira', 'Zendejas', 'Mihailovic', 'Sands', 'Busio', 'Jones', 'Neal', 'Robinson', 'Reynolds', 'Turner']","['Shaw', 'Jones', 'Molino', 'Garcia', 'Hackshaw', 'Singh', 'Hodge', 'Bateau', 'Archer', 'Jones', 'Phillip']"
95,2023-07-02,https://onefootball.com/es/partido/2372148,"[2, 1]","['Bengtson', 'Benguché', 'Pinto', 'Álvarez', 'Flores', 'Rosales', 'Elvir', 'Santos', 'García', 'Núñez', 'Menjívar']","['Pierrot', 'Nazon', 'Etienne', 'Antoine', 'Sainté', 'Jean-Jacques', 'Junior', 'Métusala', 'Adé', 'Carlens', 'Pierre']"
96,2023-07-02,https://onefootball.com/es/partido/2372150,"[0, 1]","['Giménez', 'Pineda', 'Rodríguez', 'Herrera', 'Chávez', 'Romo', 'Arteaga', 'Reyes', 'Álvarez', 'Araujo', 'Ochoa']","['Muftah Al Abdullah', 'Ahmed Shehata', 'Tarek', 'Fatehi Abdoun', 'Waad', 'Marafee', 'Homam', 'Salman', 'Al Hamawende', 'Djebril Mohamed', 'Barsham']"
97,2023-07-03,https://onefootball.com/es/partido/2383063,"[1, 1]","['Abiyoso', 'Silva', 'Supriadi', 'Otto', 'da Silva', 'Chand', 'Meilana', 'Hehanusa', 'do Nascimento Carneiro', 'Lyngbø', 'Ajie']","['Win', 'Pato', 'Puhiri', 'Lilipaly', 'Siswanto', 'Alis', 'Guntara', 'Junio', 'Michiels', 'Fathur Rahman', 'Argawinata']"
98,2023-07-03,https://onefootball.com/es/partido/2383056,"[1, 1]","['Simanjuntak', 'Sulaeman', 'Matsumura', 'Andika', 'Sjahbandi', 'Fandi', 'Fahmi', 'Yama', 'Ridho', 'Ferarri', 'Ardhiyasa']","['Sayuri', 'Nascimento do Mendonça', 'Sayuri', 'Raehan', 'Pluim', 'Nambu', 'Tahar', 'Tanjung', 'Fernandes Rocha Lopes', 'Gutawa', 'Pratama']"
99,2023-07-03,https://onefootball.com/es/partido/2362446,"[3, 3]","['Ha', 'Kim', 'Kim', 'Ferreira de Oliveira', 'Sato', 'Pllana', 'Choe', 'Hojin', 'Yoo', 'Kyuhyuk', 'Ahn']","['Lee', 'Yu', 'Cho', 'Lee', 'de Oliveira', 'Byeon', 'Seo', 'Lee', 'Kim', 'Cha', 'Joo']"
100,2023-07-03,https://onefootball.com/es/partido/2371749,"[1, 3]","['Acheampong', 'Hujahmat', 'Zhang', 'Yue', 'Xu', 'Huang', 'Jiang', 'Yuan', 'Boyu', 'Zheng', 'Dong']","['Yakubu', 'Davidson', 'Yan', 'Pengfei', 'He', 'Stanciu', 'Zhunyi', 'Ren', 'Yiming', 'Hanwen', 'Liu']"
101,2023-07-03,https://onefootball.com/es/partido/2371748,"[1, 1]","['Fellaini', 'Chen', 'Moises', 'Liu', 'Yuanyi', 'Liao', 'Yang', 'Zheng', 'Ke', 'Ji', 'Wang']","['Lu', 'Wu', 'Mirahmetjan', 'Oscar', 'Cai', 'Xin', 'Li', 'Zhang', 'Browning', 'Wang', 'Yan']"
102,2023-07-03,https://onefootball.com/es/partido/2371747,"[0, 1]","['Elkeson', 'De Sousa Silva', 'Palacios', 'Woo Kim', 'Gan', 'Chow', 'Miao', 'Hu', 'Windbichler', 'Liu', 'Zhang']","['Dabao', 'Adegbenro', 'Mohemati', 'Souza', 'Piao', 'Gao', 'Li', 'Bai', 'Ngadeu', 'Feng', 'Jiaqi']"
103,2023-07-03,https://onefootball.com/es/partido/2371746,"[3, 1]","['Serginho', 'Tan', 'Wang', 'Zhang', 'Zulj', 'Liu', 'Zhiyu', 'Okore', 'Yi', 'Liao', 'Wu']","['Covic', 'Mierzejewski', 'Zhong', 'Pina', 'Li', 'Gao', 'Mawlanyaz', 'Yang', 'Sunjic', 'Xin', 'Wang']"
104,2023-07-03,https://onefootball.com/es/partido/2367131,"[1, 1]","['Kirss', 'Galajs', 'Krancmanis', 'Samoilovs', 'Koshkosh', 'Stuglis', 'Ozols', 'Mihoubi', 'Reingolcs', 'Rogovs', 'Vilkovs']","['Melnis', 'Sibass', 'Rekis', 'Fjodorovs', 'Čiņajevs', 'Vapne', 'Rukhadze', 'Kersys', 'Vientiess', 'Kirkils', 'Beks']"
105,2023-07-03,https://onefootball.com/es/partido/2367132,"[0, 0]","['Ramires de Oliveira Albertino', 'Attuquaye', 'Ulimbasevs', 'Ogunniyi', 'Saveljevs', 'Melniks', 'Mikulic', 'Minkevics', 'Isajevs', 'dos Santos Resende', 'Ondoa']","['Ndoye', 'Mena', 'Diagne', 'Jaunzems', 'Diop', 'Ghanem', 'Birka', 'Sliede', 'Balodis', 'Tonisevs', 'Lauva']"
106,2023-07-03,https://onefootball.com/es/partido/2353690,"[1, 1]","['Brea', 'Rodríguez', 'Palmezano', 'Montes', 'Sepulveda', 'Martínez', 'Baeza', 'Ramirez', 'Gazzolo', 'Gutiérrez', 'Castellon']","['Flores', 'Villanueva', 'Zapata', 'Aránguiz', 'Canales', 'Alfaro', 'Espinoza', 'Berardo', 'Vilches', 'Vásquez', 'Rodríguez']"
107,2023-07-03,https://onefootball.com/es/partido/2372175,"[0, 2]","['Pienko', 'Majchrzak', 'Urbanski', 'Kozubal', 'Kowalczyk', 'Lewicki', 'Drapinski', 'Matysik', 'Matyjewicz', 'Bugaj', 'Zych']","['Forbs Borges', 'Duarte Ribeiro', 'Félix Sequeira', 'Alves de Freitas Azevedo e Sá', 'da Rocha', 'Ferreira Prioste', 'Costa Marques', 'Costa Brás', 'Teixeira Ribeiro', 'do Lago Pontes Esteves', 'Azevedo Ribeiro']"
108,2023-07-03,https://onefootball.com/es/partido/2350934,"[1, 1]","['Fenger', 'Lofquist', 'Stahl', 'Brorsson', 'Gustavsson', 'Gustafson', 'Johansson', 'Pettersson', 'Rösler', 'Eile', 'Törnqvist']","['Hummet', 'Rajovic', 'Skrabb', 'Romarinho', 'Gojani', 'Girmai', 'Ólafsson', 'Sjostedt', 'Saetra', 'Lindahl', 'Ricardo']"
109,2023-07-03,https://onefootball.com/es/partido/2350938,"[2, 0]","['Gudjohnsen', 'Okkels', 'Qasem', 'Bernhardsson', 'Romer', 'Baidoo', 'Hult', 'Lagerbielke', 'Holmen', 'Larsson', 'Valdimarsson']","['Mikkelsen', 'Erabi', 'Madjed', 'Hammar', 'Sadiku', 'Besara', 'Strand', 'Pinas', 'Kurtulus', 'Karlsson', 'Blazevic']"
110,2023-07-03,https://onefootball.com/es/partido/2351661,"[0, 1]","['Krogstad', 'Bakenga', 'Kostadinov', 'Pachonik', 'Haugen', 'Lucca', 'Ottesen', 'Skovgaard', 'Naess', 'Pedersen', 'Pettersson']","['Braut Brunes', 'Gulliksen', 'Mehnert', 'Stenevik', 'Danso', 'Sorby Stengel', 'Vilsvik', 'Dahl', 'Valsvik', 'Leifsson', 'Myhra']"
111,2023-07-03,https://onefootball.com/es/partido/2364952,"[0, 1]","['Bento dos Santos', 'Marques Maciel', 'Chico', 'Soares Firmino', 'de Oliveira Sertanejo', 'Santana Pinto', 'Brio', 'da Silva Santos', 'Kelven', 'Ramon', 'Muralha']","['Ferreira De Jesus', 'Saraiva de Souza Silva', 'Santana Viniegra', 'Cunha Borges', 'Soares de Oliveira Filho', 'dos Santos Carvalheira Natividade', 'Valério', 'Genestra Scalese', 'de Souza', 'Pacheco', 'da Silva Paulino']"
112,2023-07-03,https://onefootball.com/es/partido/2364951,"[1, 0]","['de Oliveira Gabriel Júnior', 'Henrique', 'Osman', 'Mendes dos Santos', 'Nicolai', 'Mantuan', 'de Carvalho Brey', 'Leite da Silva', 'Dias Costa', 'Marques Melo da Silva Almeida', 'Matheus']","['Bruninho', 'Freitas Ribeiro', 'de Souza', 'Isaque', 'Alvarino', 'da Silva Costa Ferreira', 'da Silva Ferreira', 'Caique', 'de Mota de Amorim', 'Mateus', 'Guidolin Pegorari']"
113,2023-07-03,https://onefootball.com/es/partido/2347078,"[2, 2]","['Sordo', 'Recalde', 'Aguirre', 'Ferreira', 'Gomez', 'Portillo', 'Pitton', 'Ortiz', 'Velazquez', 'Mosquera', 'Hoyos']","['Tarragona', 'Domínguez', 'Lescano', 'Torres', 'Sanchez', 'Miramon', 'Colazo', 'Sánchez', 'Morales', 'Enrique', 'Durso']"
114,2023-07-03,https://onefootball.com/es/partido/2364476,"[1, 2]","['Vieira Campos Peixoto', 'Alesson', 'Costa Marques', 'Santos Soares', 'Araújo Fernandes', 'de Oliveira Silva', 'Sander', 'Melo', 'Halter', 'Da Silva', 'Tadeu']","['Roberto', 'Alef Manga', 'Marcelino Moreno', 'Bianqui', 'Robson', 'Andrey', 'Jamerson', 'Dombroski Moreira', 'Kuscevic', 'Batista de Souza', 'Gabriel']"
115,2023-07-03,https://onefootball.com/es/partido/2390072,"[0, 3]","['Mena', 'Ramírez', 'Vélez', 'Benítez', 'Quinteros', 'Ascues', 'Quiñones', 'Lujan', 'Garcés', 'Torres', 'Rabines']","['Garcés', 'Sandoval', 'Solís', 'Ojeda', 'Hurtado', 'Quintana', 'Evangelista', 'Beltrán', 'Riojas', 'Garro', 'Vargas']"
116,2023-07-03,https://onefootball.com/es/partido/2390074,"[2, 0]","['Valera', 'Urruti', 'Bolívar', 'Quispe', 'Urena', 'Pérez Guedes', 'Polo', 'Di Benedetto', 'Riveros', 'Corzo', 'Romero']","['Fernández', 'Canela', 'Torres', 'Mendieta', 'Arias', 'Carranza', 'Perleche', 'Pizzorno', 'Guzmán', 'Ortiz', 'Melián']"
117,2023-07-03,https://onefootball.com/es/partido/2402903,"[0, 2]","['Riveros', 'Ríos', 'Sepulveda', 'Juárez', 'Fernández', 'Collao', 'Matus', 'Bosso', 'Monreal', 'Rojas', 'Ahumada']","['Belmar', 'Moreira', 'Marín', 'Alejandro Díaz', 'Hernández', 'Moya', 'Hormazábal', 'Torrealba', 'Fuentes', 'González', 'Gonzalez']"
118,2023-07-03,https://onefootball.com/es/partido/2357011,"[2, 1]","['Ryan', 'Garay', 'Hopkins', 'Landry', 'Koanda', 'Zanne', 'Morris', 'Chica', 'Leerman', 'Santos', 'Jacomen']","['Amoh', 'Merrill', 'Barrera', 'Lewis', 'Saydee', 'Torres', 'Sheldon', 'Lapert', 'McGlynn', 'Rito', 'Rice']"
119,2023-07-03,https://onefootball.com/es/partido/2385967,"[1, 2]","['Davila', 'Alvarado', 'Mena', 'Hernández', 'Angulo', 'Romero', 'Moreno', 'Tesillo', 'Frias', 'Barreiro', 'Cota']","['Pérez', 'Marin', 'Brizuela', 'Beltran', 'Gonzalez', 'Guzman', 'Yonathan Calderon', 'Orozco', 'Briseno', 'Mozo', 'Jiménez']"
120,2023-07-04,https://onefootball.com/es/partido/2372152,"[4, 2]","['Millar', 'Cavallini', 'Hoilett', 'Fraser', 'Lumpungu', 'Osorio', 'Ahmed', 'Miller', 'Mcgraw', 'Laryea', 'St. Clair']","['Paradela', 'Reyes', 'Pozo', 'Hernández', 'Pérez', 'Matos', 'Corrales', 'Piedra', 'Méndez', 'Morejon', 'Sanchez']"
121,2023-07-04,https://onefootball.com/es/partido/2372153,"[2, 3]","['Ambrose', 'Phaëton', 'Leborgne', 'Plumain', 'Gravilon', 'Solvet', 'Baron', 'Avinel', 'Lina', 'Alphonse', 'Rouyard']","['Rubin', 'García', 'Galindo', 'Mendez Laing', 'Saravia', 'Castellanos', 'Ardón', 'Samayoa', 'Pinto', 'Herrera', 'Hagen']"
122,2023-07-04,https://onefootball.com/es/partido/2372154,"[6, 4]","['Contreras', 'Alcócer', 'Núñez', 'Campbell', 'Borges', 'Azofeifa', 'Calvo', 'Vargas', 'Waston', 'Valverde', 'Chamorro']","['Labeau', 'Burner', 'Fortune', 'Fabien', 'Herelle', 'Mandouki', 'Lapis', 'Rivierez', 'Poulolo', 'Labonne', 'Clementia']"
123,2023-07-04,https://onefootball.com/es/partido/2372155,"[2, 2]","['Waterman', 'Góndola', 'León', 'Bárcenas', 'Martínez', 'Welch', 'Blackman', 'Miller', 'Cummings', 'Escobar', 'Mosquera']","['Gil', 'Pérez', 'Menjívar', 'Orellana', 'Landaverde', 'Henríquez', 'Roldan', 'Dominguez', 'Cabalceta', 'Tamacas', 'González']"
124,2023-07-05,https://onefootball.com/es/partido/2360575,"[2, 1]","['Tomiyama', 'Shibayama', 'Nakano', 'Motegi', 'Takayanagi', 'Kurimoto', 'Okaniwa', 'Urakami', 'Shinzato', 'Omori', 'Kasahara']","['Komori', 'Miki', 'Shimmyo', 'Taguchi', 'Kobayashi', 'Tanaka', 'Hidaka', 'Sasaki', 'Suzuki', 'Takahashi', 'Arai']"
125,2023-07-05,https://onefootball.com/es/partido/2360576,"[1, 0]","['Yoshizawa', 'Nagai', 'Yamashita', 'Miyamoto', 'Arita', 'Shimoda', 'Kawamura', 'Endo', 'Ieizumi', 'Ishida', 'Shikano']","['Miyazaki', 'Yamada', 'Kobori', 'Yoshida', 'Sato', 'Nishiya', 'Fukumori', 'Otani', 'Hiramatsu', 'Fukushima', 'Fujita']"
126,2023-07-05,https://onefootball.com/es/partido/2360577,"[3, 1]","['Kusano', 'Umeda', 'Ohara', 'Maeda', 'Takeda', 'Unoki', 'Naruse', 'Matsuda', 'Kusumoto', 'Nagai', 'Yamaguchi']","['Tsuboi', 'Tanahashi', 'Nishiya', 'Sugimoto', 'Kodama', 'Nishino', 'Shirai', 'Abe', 'Ishio', 'Mori', 'Suárez']"
127,2023-07-05,https://onefootball.com/es/partido/2360578,"[1, 1]","['Nagakura', 'Kawamoto', 'Sato', 'Uchida', 'Takahashi', 'Yamanaka', 'Nakashio', 'Shirowa', 'Sakai', 'Okamoto', 'Kushibiki']","['Higashiyama', 'Aihara', 'Shimamura', 'Hirakawa', 'Tanabe', 'Omoto', 'Kamimura', 'Onishi', 'Ezaki', 'Abe', 'Tashiro']"
128,2023-07-05,https://onefootball.com/es/partido/2360579,"[0, 3]","['Heo', 'Yamada', 'Seefeldt Krolow', 'Ewerton', 'Kamada', 'Kida', 'Hachisuka', 'Koide', 'Sugata', 'Uchida', 'Obata']","['Kitagawa', 'Junior', 'Inui', 'Nakayama', 'Ronaldo', 'Shirasaki', 'Nishizawa', 'Suzuki', 'Takahashi', 'Kitazume', 'Gonda']"
129,2023-07-05,https://onefootball.com/es/partido/2360580,"[1, 2]","['Kitajima', 'Yamada', 'Kawamura', 'Tsunashima', 'Morita', 'Saito', 'Fukazawa', 'Taniguchi', 'Yamakoshi', 'Miyahara', 'Caldeira Vidotto de Oliveira']","['Delgado', 'Masuyama', 'Kato', 'Sawada', 'da Silva Silveira', 'Kuwasaki', 'Okano', 'Yoneda', 'Kushibiki', 'Okui', 'Hatano']"
130,2023-07-05,https://onefootball.com/es/partido/2360581,"[5, 1]","['Utaka', 'Torikai', 'Hasegawa', 'Silva Timóteo', 'Sato', 'Shinada', 'Sekiguchi', 'Hasukawa', 'Mancha', 'Sugai', 'Kawata']","['Hata', 'Niwa', 'Okino', 'Fujiyama', 'Koyanagi', 'Mikami', 'Takada', 'Kaga', 'Kawano', 'Iio', 'Yamada']"
131,2023-07-05,https://onefootball.com/es/partido/2360582,"[2, 1]","['González', 'Matsumoto', 'Omori', 'Furukawa', 'Endo', 'Kanuma', 'Yoshinaga', 'Suzuki', 'Nakagawa', 'Ogawa', 'Miura']","['Hayashi', 'Sugiura', 'Kato', 'Fujimura', 'Kajiura', 'Ishihara', 'Nagamine', 'Inoue', 'Shoji', 'Kojima', 'Shirai']"
132,2023-07-05,https://onefootball.com/es/partido/2360583,"[2, 3]","['Mauk', 'Sakuragawa', 'Sano', 'Kawai', 'Tabei', 'Tanaka', 'Takagi', 'Yanagi', 'Buijs', 'Kawano', 'Hotta']","['Watanabe', 'Yokoyama', 'Iwabuchi', 'Enomoto', 'Arai', 'Mizuno', 'Kubo', 'Yamahara', 'Kawashima', 'Hisadomi', 'Ueda']"
133,2023-07-05,https://onefootball.com/es/partido/2360584,"[1, 0]","['Tanaka', 'Kawano', 'Takahashi', 'Igarashi', 'Kamigaki', 'Yajima', 'Numata', 'dos Santos Paixão', 'Matsumoto', 'Mae', 'Terakado']","['Fujimoto', 'Kokubu', 'Tanaka', 'Issaka', 'Minami', 'Fujita', 'Ono', 'Noda', 'Kumamoto', 'Kawai', 'Goto']"
134,2023-07-05,https://onefootball.com/es/partido/2360585,"[0, 3]","['Isa', 'Watanabe', 'Nakagawa', 'Matsuo', 'Ikeda', 'Nomura', 'Takahata', 'de Oliveira Bento', 'Ando', 'Ueebisu', 'Nishikawa']","['º', 'Duke', 'Hirakawa', 'Shimoda', 'Matsui', 'Yasui', 'Onaga', 'Fujiwara', 'Jang', 'Okuyama', 'Popp']"
135,2023-07-05,https://onefootball.com/es/partido/2367135,"[2, 0]","['Lizunovs', 'Mukwelle', 'Afanasjevs', 'Urbans', 'Ivanovs', 'Tihonovics', 'Harustak', 'Bawa Zuure', 'Aizups', 'Cucurs', 'Kurakins']","['Visnakovs', 'Patrikejevs', 'Terzi', 'Lusins', 'Sprukulis', 'Minins', 'Atars', 'Prytykovskyi', 'Skrebels', 'Rascevskis', 'Soloha']"
136,2023-07-05,https://onefootball.com/es/partido/2381036,"[0, 2]","['Sørensen', 'Harder', 'Thomsen', 'Kühl', 'Holmgaard', 'Hasbo', 'Svava', 'Gewitz', 'Pedersen', 'Sevecke', 'Christensen']","['Caldentey', 'Hermoso', 'Paralluelo', 'Putellas', 'Abelleira', 'Bonmatí', 'Carmona', 'Andrés', 'Codina', 'Batlle', 'Rodríguez Rivero']"
137,2023-07-05,https://onefootball.com/es/partido/2375331,"[0, 0]","['Lehmann', 'Piubel', 'Bachmann', 'Crnogorcevic', 'Sow', 'Reuteler', 'Riesen', 'Stierli', 'Buhler', 'Aigbogun', 'Thalmann']","['Ayane', 'Amani', 'Saoud', 'Nakkach', 'Chebbak', 'Diki', 'Seghir', 'Mrabet', 'Aït El Haj', 'Redouani', 'Er-Rmichi']"
138,2023-07-05,https://onefootball.com/es/partido/2406074,"[0, 3]","['Gloukh', 'Turgeman', 'Layous', 'Gandelman', 'Azulay', 'Hajaj', 'Revivo', 'Cohen', 'Lemkin', 'Jaber', 'Zarfati']","['Gordon', 'Gibbs-White', 'Smith-Rowe', 'Jones', 'Gomes', 'Palmer', 'Thomas', 'Colwill', 'Harwood-Bellis', 'Garner', 'Trafford']"
139,2023-07-05,https://onefootball.com/es/partido/2406116,"[5, 1]","['Ruiz', 'Gómez', 'Sancet Tirapu', 'Rodri', 'Baena', 'Blanco Conde', 'Miranda', 'Pacheco Dozagarat', 'Paredes', 'Gomez', 'Tenas']","['Sikan', 'Mudryk', 'Sudakov', 'Bondarenko', 'Nazarenko', 'Brazhko', 'Vivcharenko', 'Batagov', 'Talovierov', 'Sych', 'Trubin']"
140,2023-07-05,https://onefootball.com/es/partido/2345551,"[1, 0]","['Bakr', 'Radwan', 'Dieng', 'Magby', 'Tau', 'Ghallab', 'Maâloul', 'Mohamed Ahmed', 'Rabia', 'Abdelfattah Ibrahim', 'El Shenawy']","['El Shamy', 'Magdy Mohamed', 'Madbouli', 'Abouelfetouh Ibrahim', 'Aka', 'Hassan Abdelhafiz', 'Desouki', 'El Sayed Hashem', 'El Mohamady', 'Sobhy', 'Moneim Aly']"
141,2023-07-05,https://onefootball.com/es/partido/2400396,"[3, 4]","['Yilmaz', 'Mertens', 'Cicaldau', 'Torreira', 'Kutlu', 'Akgün', 'Karatas', 'Bayram', 'Ayhan', 'Dubois', 'Sen']","['Tufan', 'Delap', 'Tetteh', 'Docherty', 'Seri', 'Sayyad', 'Leake', 'McLoughlin', 'Jones', 'Coyle', 'Lo-Tutala']"
142,2023-07-05,https://onefootball.com/es/partido/2347089,"[2, 1]","['Rodríguez', 'Allende', 'Lopez Munoz', 'Fernandez', 'Abrego', 'Andrada', 'Galdames', 'Rasmussen', 'Barrios', 'Arce', 'Rodríguez']","['Quiroga', 'Taborda', 'Marcich', 'Castro', 'Díaz', 'Martínez', 'Infante', 'Pellegrino', 'Vázquez', 'Jorge Morgantini', 'Macagno']"
143,2023-07-05,https://onefootball.com/es/partido/2347096,"[1, 2]","['Retegui', 'Molinas', 'Forclaz', 'Armoa', 'Prediger', 'Cardozo', 'Montoya', 'Luciatti', 'Aguilera', 'Blondel', 'Marinelli']","['Giménez', 'Bisanz', 'Aleman', 'Romero', 'Sosa', 'Martin Cabrera', 'Insúa', 'Quirós', 'Maciel', 'Coronel', 'Cambeses']"
144,2023-07-05,https://onefootball.com/es/partido/2347094,"[0, 0]","['Véliz', 'Campaz', 'Malcorra', 'Oviedo', 'Ortíz', 'Mac Allister', 'Rodriguez', 'Quintana', 'Mallo', 'Martinez', 'Broun']","['Carrillo', 'Méndez', 'Zuqui', 'Rodriguez', 'Ascacíbar', 'Más', 'Romero', 'Lollo', 'Núñez', 'Mancuso', 'Andújar']"
145,2023-07-05,https://onefootball.com/es/partido/2347092,"[1, 1]","['Romero', 'Hauche', 'Moreno', 'Gómez', 'Oroz', 'Quirós', 'Piovi', 'Sigali', 'Avilés', 'Nardoni', 'Arias']","['Bareiro', 'Barrios', 'Leguizamón', 'Braida', 'Sánchez', 'Elias', 'Giay', 'Hernandez', 'Luján', 'Pérez', 'Batalla']"
146,2023-07-05,https://onefootball.com/es/partido/2347093,"[2, 0]","['Beltrán', 'De la Cruz', 'Barco', 'Nacho Fernández', 'Pérez', 'Aliendro', 'Diaz', 'Díaz', 'González Pirez', 'Casco', 'Armani']","['Pierotti', 'Farias', 'Meza', 'Moreyra', 'Orlando Vega', 'Perlaza', 'Yossen', 'Garces', 'Goltz', 'Nardelli', 'Chicco']"
147,2023-07-05,https://onefootball.com/es/partido/2364812,"[2, 0]","['Alves Herculano', 'Renato', 'Paulo', 'Juninho', 'Lima da Silva', 'de Oliveira Teodoro Falcão', 'Ribeiro', 'Conceicao', 'Pains Tormen', 'da Silva', 'Gonçalves da Silva']","['De Souza', 'da Silva Junior', 'De Vargas', 'Edson', 'Martins Silva Costa', 'Italo', 'Aquino da Silva', 'Chico', 'Thyere', 'Ewerthon', 'Renan']"
148,2023-07-05,https://onefootball.com/es/partido/2384362,"[1, 0]","['Calleri', 'Rodrigo Nestor', 'Luciano', 'Rato', 'Gabriel Neves', 'Pablo Maia', 'Caio Paulista', 'Javier Franco', 'Arboleda', 'Rafinha', 'Rafael']","['Dudu', 'Moreira de Sousa', 'Raphael Veiga', 'Gabriel Menino', 'Luan', 'Richard Ríos', 'Piquerez Moreira', 'Murilo', 'Gustavo Gómez', 'Mayke', 'Weverton']"
149,2023-07-05,https://onefootball.com/es/partido/2384361,"[1, 0]","['Mastriani', 'Julinho', 'Benítez', 'Everaldo', 'Kal', 'Martinez', 'Danilo Avelar', 'Iago Maidana', 'Eder', 'Lopes do Nascimento', 'Pasinato']","['Róger Guedes', 'Alberto', 'Adson', 'De Oliveira', 'Moscardo de Salles', 'Vera', 'Fábio Santos', 'Murillo', 'Gil', 'Fagner', 'Cassio']"
150,2023-07-05,https://onefootball.com/es/partido/2384364,"[2, 1]","['De Arrascaeta', 'Pedro', 'Éverton Ribeiro', 'Gerson', 'Pulgar', 'Gomes Silva', 'Ayrton Lucas', 'Luiz', 'Fabrício Bruno', 'Wesley', 'Matheus Cunha']","['Vitor Bueno', 'Vitor Roque', 'Canobbio', 'Esquivel', 'Fernandinho', 'Erick', 'Madson', 'Ivaldo', 'Thiago Heleno', 'Pedro Henrique', 'Bento']"
151,2023-07-05,https://onefootball.com/es/partido/2352905,"[1, 1]","['Magno', 'Ledezma', 'Pellegrini', 'Cufre', 'Parks', 'Morales', 'Ilenic', 'Haak', 'Chanot', 'Gray', 'Barraza']","['Gaines', 'Copetti', 'Jóźwiak', 'Świderski', 'Afful', 'Westwood', 'Byrne', 'Jones', 'Corujo', 'Tuiloma', 'Kahlina']"
152,2023-07-06,https://onefootball.com/es/partido/2372180,"[5, 1]","['Forbs Borges', 'Duarte Ribeiro', 'Félix Sequeira', 'Alves de Freitas Azevedo e Sá', 'Madeira Fernandes Félix', 'Loureiro Carvalho Justo', 'Costa Marques', 'Costa Brás', 'Teixeira Ribeiro', 'do Lago Pontes Esteves', 'Azevedo Ribeiro']","['Hasa', 'Turco', 'Koleosho', 'Ndour', 'Lipani', 'Pisilli', 'Missori', 'Regonesi', 'Dellavalle', 'Kayode', 'Mastrantonio']"
153,2023-07-06,https://onefootball.com/es/partido/2372179,"[0, 2]","['Bridgman', 'Tuma', 'Scicluna', 'Hili', 'Letherby', 'Scicluna', 'Borg', 'Viviani', 'Vassallo', 'Xerri', 'Sacco']","['Nsangou', 'Majchrzak', 'Strzalek', 'Urbanski', 'Kowalczyk', 'Brzozowski', 'Drapinski', 'Matyjewicz', 'Matysik', 'Biniek', 'Zych']"
154,2023-07-06,https://onefootball.com/es/partido/2347085,"[1, 2]","['Londoño', 'Guzman', 'Toloza', 'Brochero', 'Muscia', 'Peña Biafore', 'Spörle', 'Pombo', 'Centurión', 'Breitenbruch', 'Medina']","['Togni', 'Fernandez', 'Alanís', 'Solari', 'Lopez', 'Tripichio', 'Soto', 'Cardona', 'Colombo', ""Sant'Anna"", 'Bologna']"
155,2023-07-06,https://onefootball.com/es/partido/2347097,"[0, 0]","['Machuca', 'Domina', 'Zenon', 'Luna Diale', 'Gordillo', 'Martin Roldan', 'Vera', 'Corvalán', 'Ezequiel Calderon', 'Paz', 'Moyano']","['Barco', 'Merentiel', 'Medina', 'Ramírez', 'Varela', 'Fernández', 'Fabra', 'Valentini', 'Figal', 'Weigandt', 'Romero']"
156,2023-07-06,https://onefootball.com/es/partido/2347095,"[0, 1]","['Toledo', 'Melano', 'Díaz', 'Quiroga', 'Jorge Ruben Mendez', 'Rosso', 'Bettini', 'Sbuttoni', 'Insaurralde', 'Hernandez', 'Devecch']","['Santos', 'Sosa', 'Garro', 'Valoyes', 'Villagra', 'Ortegoza', 'Portillo', 'Rodriguez', 'Catalán', 'Benavídez', 'Herrera']"
157,2023-07-06,https://onefootball.com/es/partido/2347084,"[0, 0]","['Avalos', 'Gonzalez', 'Nuss', 'Montiel', 'Redondo', 'Moyano', 'Cabrera', 'Villalba', 'Torrén', 'Minissale', 'Arias']","['Martinez', 'Cuello', 'Watson', 'Graciani', 'Lodico', 'Linares', 'Corda', 'Alarcón', 'Parnisari', 'Franco', 'Roffo']"
158,2023-07-06,https://onefootball.com/es/partido/2347090,"[0, 1]","['Cóccaro', 'Mazzantti', 'Acevedo', 'Carlos Gauto', 'Gómez', 'Godoy', 'Benitez', 'Novillo', 'Tobio', 'Soto', 'Chaves']","['Coronel', 'Estigarribia', 'Pereyra', 'Kociubinski', 'Gaston Acosta', 'Sanchez', 'Orihuela', 'Romero', 'Bianchi', 'Ivan Tesuri', 'Marchiori']"
159,2023-07-06,https://onefootball.com/es/partido/2347086,"[0, 2]","['Jara', 'Vegetti', 'Zapelli', 'Alejandro Castro', 'Longo', 'Sánchez', 'Ibacache', 'Meriano', 'Rébola', 'Barinaga', 'Losada']","['Sepúlveda', 'Calderara', 'Tapia', 'Herrera', 'Mater', 'Insúa', 'Díaz', 'Álvarez', 'Capraro', 'Peinipil', 'Desábato']"
160,2023-07-06,https://onefootball.com/es/partido/2363802,"[0, 3]","['Carusa', 'Sheva', 'Littlejohn', ""O'Sullivan"", 'Farrelly', 'McCabe', 'Connolly', 'Quinn', 'Fahey', 'Payne', 'Brosnan']","['Bacha', 'Le Sommer', 'Diani', 'Dali', 'Toletti', 'Geyoro', 'Karchaoui', 'Cascarino', 'Renard', 'Lakrar', 'Peyraud-Magnin']"
161,2023-07-06,https://onefootball.com/es/partido/2353719,"[0, 1]","['Rubio', 'Aranguiz', 'Rivera', 'Leiva', 'Valdés', 'Reyes', 'Campusano', 'Zalazar', 'Caroca', 'Cerezo', 'Pérez']","['Garate', 'Uribe', 'Norambuena', 'Núñez', 'Leyton', 'Piñeiro', 'Pavez', 'Tiznado', 'Villagra', 'Ramirez', 'Pérez']"
162,2023-07-07,https://onefootball.com/es/partido/2383066,"[2, 2]","['Cawor', 'Bokhashvili', 'Bustos', 'Kurniawan', 'Hamisi', 'Ayoub', 'Sano', 'Lestaluhu', 'Lira de Matos', 'Ansanay', 'Pinthus']","['Rodriguez', 'Sananta', 'Sidibé', 'Messidoro', 'Tan', 'Indie', 'Miziar', 'Bardanca', 'da Silva Xavier', 'Taufik', 'Pandeynuwu']"
163,2023-07-07,https://onefootball.com/es/partido/2383065,"[3, 3]","['dos Santos', 'Lokolingoy', 'Santoso', 'Lucero', 'Hariono', 'de Almeida', 'Tata', 'Diarra', 'Adi Nugroho', 'Marasabessy', 'Amiruddin']","['da Silva', 'Alves Santi Ferreira e Silva', 'Sato', 'Irianto', 'Klok', 'Putra', 'Febriansah', 'Rodríguez', 'Kuipers', 'Gede', 'Paku Alam']"
164,2023-07-07,https://onefootball.com/es/partido/2360160,"[0, 1]","['Taniguchi', 'Komi', 'Mito', 'Matsuda', 'Hoshi', 'Ko', 'Arai', 'Watanabe', 'Deng', 'Fujiwara', 'Kojima']","['Osako', 'Sasaki', 'Yuruki', 'Saito', 'Yamaguchi', 'Muto', 'Hatsuse', 'Osaki', 'Thuler', 'Sakai', 'Maekawa']"
165,2023-07-07,https://onefootball.com/es/partido/2358701,"[1, 2]","['Reis Silva Morais', 'Vitor Coelho', 'Kim', 'Lee', 'Kim', 'Han', 'Kim', 'Chung', 'Yeon', 'Kim', 'Kim']","['Damacena', 'Cesinha', 'Jaehyeon', 'Hong Chul', 'Park', 'Lee', 'Jang', 'Kim', 'Hong', 'Kim', 'Oh']"
166,2023-07-07,https://onefootball.com/es/partido/2358702,"[1, 1]","['Galego', 'Lee', 'Yang', 'Kim', 'Han', 'Lee', 'Yu', 'Jung', 'Kim', 'Tuci', 'Yu']","['Lee', 'Jaguaribe', 'Jung', 'Lee', 'Jeong', 'Joo', 'Lee', 'Calver', 'Letschert', 'Doo', 'Lee']"
167,2023-07-07,https://onefootball.com/es/partido/2371750,"[0, 1]","['Covic', 'Zhong', 'Huang', 'Pereira', 'Tudi', 'Li', 'Mawlanyaz', 'Gu', 'Sunjic', 'Xin', 'Wang']","['Fernandinho', 'Chen', 'Moises', 'Zhang', 'Liao', 'Zhengyu', 'Sun', 'Ke', 'Jadson', 'Ji', 'Wang']"
168,2023-07-07,https://onefootball.com/es/partido/2371751,"[3, 1]","['Conraad', 'Chugui', 'Santana da Silva', 'Hongbo', 'Chen', 'Kosovic', 'Chen', 'Dugalic', 'Junjian', 'Yue', 'Yuelei']","['Elkeson', 'De Sousa Silva', 'Palacios', 'Xin', 'Chow', 'Feng', 'Miao', 'Hu', 'Windbichler', 'Liu', 'Zhang']"
169,2023-07-07,https://onefootball.com/es/partido/2371752,"[1, 1]","['Brown Forbes', 'Song', 'Saric', 'Long', 'Tabekou', 'Xu', 'Liu', 'Sha', 'Liu', 'Wang', 'Mou']","['Owusu', 'Locadia', 'Maritu', 'Shihao', 'Lin', 'Zhukov', 'Sun', 'Liu', 'Zheng', 'Yun', 'Shao']"
170,2023-07-07,https://onefootball.com/es/partido/2371753,"[1, 1]","['Beric', 'Ba', 'Mérida', 'Guo', 'Wang', 'Huaze', 'Su', 'Andújar Jiménez', 'Yang', 'Ming', 'Xu']","['Hong', 'Morelatto', 'Zheng', 'Jiang', 'Ge', 'Puclin', 'Liu', 'Wei', 'Bressan', 'Shinar', 'Xiaodong']"
171,2023-07-07,https://onefootball.com/es/partido/2371754,"[0, 1]","['Leonardo', 'Mushekwi', 'Kouassi', ""N'Doumbou"", 'Li', 'Cheng', 'Xin', 'Possignolo', 'Leung', 'Wang', 'Zhao']","['Yu', 'Malele', 'Bassogog', 'Wang', 'Amadou', 'Xu', 'Zexiang', 'Zhu', 'Jiang', 'Hing-Glover', 'Yaxiong']"
172,2023-07-07,https://onefootball.com/es/partido/2367136,"[6, 0]","['Ribeiro Rodrigues', 'Mena', 'Silva Souza', 'Ndoye', 'Tonisevs', 'Cudars', 'Fall', 'Balodis', 'Veips', 'Jaunzems', 'Olses']","['Gaucis', 'Kirss', 'Samoilovs', 'Krancmanis', 'Stuglis', 'Koshkosh', 'Ozols', 'Mihoubi', 'Reingolcs', 'Rogovs', 'Kapustins']"
173,2023-07-07,https://onefootball.com/es/partido/2372181,"[0, 5]","['Smyrlis', 'Tzimas', 'Spyrakos', 'Symeonidis', 'Kottas', 'Stavropoulos', 'Deligiannis', 'Prodromitis', 'Keramitsis', 'Georgiadis', 'Botis']","['Barberà', 'Pérez Guerrero', 'Akhomach', 'García', 'Palacios', 'Morán Ibanez', 'Valle', 'Gasiorowski', 'Casas', 'Fresneda', 'Iribarne']"
174,2023-07-07,https://onefootball.com/es/partido/2372178,"[1, 1]","['Thorsteinsson', 'Thorkelsson', 'Gudmundsson', 'Birgisson', 'Thórdarson', 'Jörundsson', 'Kristjánsson', 'Adalsteinsson', 'Róbertsson', 'Karlsson', 'Petersson']","['Thoresen', 'Flataker', 'Skogvold', 'Aas', 'Roaldsöy', 'Ødegård', 'Egeli', 'Hopland', 'Haram', 'Bassi', 'Rugland Ree']"
175,2023-07-07,https://onefootball.com/es/partido/2351669,"[2, 1]","['Udahl', 'Kirkevold', 'Kongsro', 'Onsrud', 'Hernández-Foster', 'Kurtovic', 'Martin Gammelby', 'Norheim', 'Sjolstad', 'Opsahl', 'Jendal']","['Ødemarksbakken', 'Kristensen', 'Atanga', 'Karlsbakk', 'Segberg', 'Barmen', 'Kitolano', 'Juel Andersen', 'Fallman', 'Martin Kolskogen', 'Grytebust']"
176,2023-07-07,https://onefootball.com/es/partido/2372027,"[2, 3]","['Popp', 'Buehl', 'Magull', 'Brand', 'Dabritz', 'Oberdorf', 'Rauch', 'Hegering', 'Hendrich', 'Huth', 'Frohms']","['Kundananji', 'Banda', 'Chitundu', 'Katongo', 'Banda', 'Lubandji', 'Tembo', 'Mweemba', 'Musase', 'Belemu', 'Musonda']"
177,2023-07-07,https://onefootball.com/es/partido/2352303,"[0, 4]","['Doyle', 'Norris', 'Brennan', 'Raggett', 'Barr', 'Verdon', 'Osam', 'Wells', 'Keaney', 'Babb', 'Moore']","['Moylan', 'Boyd', 'Hakiki', 'Lunney', 'Coyle', 'Farrell', 'Wilson', 'Ledwidge', 'Molloy', 'Barrett', 'Kearns']"
178,2023-07-07,https://onefootball.com/es/partido/2352304,"[3, 2]","['Afolabi', 'McDaid', 'McDonnell', 'Connolly', 'Flores', 'McManus', 'Kirk', 'Radkowski', 'Nowak', 'Buckley', 'Talbot']","['Hoban', 'Yli-Kokko', 'Kelly', 'Malley', 'Sloggett', 'Doyle', 'Leahy', 'Annesley', 'Muller', 'Davies', 'Shepperd']"
179,2023-07-07,https://onefootball.com/es/partido/2352305,"[0, 0]","['Foley', 'Rooney', 'Noone', 'Markey', 'Deegan', 'Brennan', 'Weir', 'Keeley', 'Adegboyega', 'Heeney', 'Wogan']","['Burke', 'Gaffney', 'Noonan', 'Kavanagh', 'Watts', 'Poom', 'Nugent', 'Hoare', 'Lopes', 'Cleary', 'Pohls']"
180,2023-07-07,https://onefootball.com/es/partido/2352306,"[1, 1]","['Carty', 'Doyle', 'McCormack', 'Mulraney', 'Forrester', 'Lennon', 'Breslin', 'McGrath', 'Curtis', 'Brockbank', 'Lyness']","['Keating', 'Owolabi', ""O'Brien-Whitmarsh"", ""O'Donovan"", 'Coffey', 'Bolger', 'Bargary', 'Honohan', 'Häkkinen', 'Custovic', 'Brooks']"
181,2023-07-07,https://onefootball.com/es/partido/2352307,"[2, 1]","['Duffy', 'McGonigle', 'Kavanagh', 'Doherty', 'Diallo', 'McMullan', 'Boyce', 'McJannet', 'Connolly', 'Dummigan', 'Maher']","['Mata', 'Radosavlevic', 'Liivak', 'Fitzgerald', 'Bolger', 'Morahan', 'Brannefalk', 'Lafferty', 'Pijnaker', 'Mahon', 'McNicholas']"
182,2023-07-07,https://onefootball.com/es/partido/2353144,"[5, 1]","['Ingvarsson', 'A. Olsen', 'Hlynsson', 'Sigurdarson', 'Lúdvíksson', 'Svanthórsson', 'Stefansson', 'Margeirsson', 'Muminovic', 'Gunnlaugsson', 'Einarsson']","['Hurtado', 'Gardarsson', 'Gunnarsson', 'Eythórsson', 'Borgthórsson', 'Jónsson', 'Ásthorsson', 'Gudbjörnsson', 'Stefánsson', 'Björnsson', 'Helgason']"
183,2023-07-07,https://onefootball.com/es/partido/2399659,"[3, 0]","[""D'Arrigo"", 'Cuesta', 'Martínez', 'Lavandeira', 'Tandazo', 'Arias', 'Archimbaud', 'Galeano', 'Orzán', 'Ramos', 'Caceda']","['Salinas', 'Sandoval', 'de la Cruz', 'Mora', 'Moyano', 'Marcos', 'Milesi', 'Álvarez', 'Caballero', 'Tejada', 'Fernandez']"
184,2023-07-07,https://onefootball.com/es/partido/2399660,"[1, 4]","['Vergara', 'Tamariz', 'Velasco', 'Sánchez', 'Ramírez', 'Huerto', 'Duclos', 'Acosta', 'Sánchez', 'Salas', 'Limousin']","['Valera', 'Urruti', 'Cabanillas', 'Calcaterra', 'Murrugarra', 'Polo', 'Urena', 'Saravia', 'Di Benedetto', 'Corzo', 'Carvallo']"
185,2023-07-07,https://onefootball.com/es/partido/2347088,"[1, 1]","['Mammini', 'Domínguez', 'Lescano', 'Soldano', 'Napolitano', 'Miramon', 'Colazo', 'Sánchez', 'Morales', 'Enrique', 'Durso']","['Cauteruccio', 'Martínez', 'Barcia', 'Marcone', 'López', 'Ortíz', 'Enrique Costa', 'Elizalde', 'Javier Baez', 'Gomez', 'Rey']"
186,2023-07-07,https://onefootball.com/es/partido/2347087,"[2, 0]","['Gamba', 'Farioli', 'Agustin Besozzi', 'Pitton', 'Maciel', 'Ríus', 'Canto', 'Goni', 'Pereyra', 'Blasi', 'Mansilla']","['Aguirre', 'Recalde', 'Martino', 'Ferreira', 'Portillo', 'Montenegro', 'Mendez', 'Mansilla', 'Ortiz', 'Mosquera', 'Hoyos']"
187,2023-07-07,https://onefootball.com/es/partido/2353726,"[0, 3]","['Ríos', 'Sosa', 'Fernández', 'Hachen', 'Díaz', 'Juárez', 'Matus', 'Bosso', 'Labrin', 'Rojas', 'Ahumada']","['Salas', 'Barticciotto', 'Oscar Benitez', 'Farias', 'Dávila', 'Carrasco', 'Vejar', 'Suárez', 'Ceza', 'Zúñiga', 'Rigamonti']"
188,2023-07-07,https://onefootball.com/es/partido/2364957,"[2, 2]","['Tavella', 'Ronaldo', 'Baggio', 'Santiago Barcelar', 'Marlon', 'Batista de Faria', 'Lepu', 'Ligger', 'Henrique', 'Martins Da Fonseca', 'Jordi']","['Luis Fernando', 'Coutinho', 'Giacobe Alves dos Santos', 'Shaylon', 'de Mendonca', 'Tubarao', 'Jefferson', 'Heron', 'Gazal', 'Soares', 'Ronaldo']"
189,2023-07-07,https://onefootball.com/es/partido/2364959,"[3, 0]","['Godinho Johann', 'Santos de Souza', 'Medeiros Oliveira Santos', 'de Arruda Serafim', 'Ricardo', 'Richardson', 'Prado Camargo', 'Cordeiro Lacerda', 'Tiago', 'Leandro Da Silva', 'Bruno']","['de Oliveira Gabriel Júnior', 'Henrique', 'Osman', 'Mendes dos Santos', 'Nicolai', 'Miranda Madruga Gomes', 'de Carvalho Brey', 'Leite da Silva', 'Dias Costa', 'Marques Melo da Silva Almeida', 'Matheus']"
190,2023-07-07,https://onefootball.com/es/partido/2367319,"[1, 0]","['Doyle', 'Bright', 'Tymrak', 'Abello', 'Villacorta', 'Cluff', 'Strom', 'Madril', 'Montefusco', 'McCutcheon', 'Moorhouse']","['Bennett', 'Athens', 'Balcer', 'Latsko', 'Fishlock', 'Van der Jagt', 'Barnes', 'McClernon', 'Hiatt', 'Brown', 'Tullis-Joyce']"
191,2023-07-07,https://onefootball.com/es/partido/2367321,"[2, 1]","['Davis', 'Fischer', 'Monaghan', 'Howell', 'Baggett', 'Wang', 'Pickett', 'Erceg', 'Pikkujämsä', 'Milliet', 'Lund']","['Hamilton', 'Spaanstra', 'Kizer', 'Cooper', 'Brian', 'Winebrenner', 'Rodriguez', 'Robinson', 'Ball', 'Del Fava', 'Franch']"
192,2023-07-07,https://onefootball.com/es/partido/2367320,"[0, 1]","['Gareis', 'Ordóñez', 'Salmon', 'Sánchez', 'Jacobs', 'Viggiano', 'Petersen', 'Prisock', 'Lind', 'Dydasco', 'Campbell']","['Cook', 'Stevens', 'Griffith', 'Bianchi', 'Roccaro', 'St-Georges', 'Krueger', 'Davidson', 'Sharples', 'Malham', 'Boyd']"
193,2023-07-07,https://onefootball.com/es/partido/2357014,"[0, 4]","['Pickering', 'Serbena Lapa', 'Bandeira da Costa', 'Dally', 'Molloy', 'Kelly', 'Ward', 'Peters', 'Smith', 'Buckmaster', 'Hamid']","['Oluwaseyi', 'Azócar', 'Jome', 'Hayes', 'Hernández', 'Zouhir', 'Maloney', 'Batista', 'Garcia', 'Taintor', 'Farr']"
194,2023-07-07,https://onefootball.com/es/partido/2385969,"[2, 3]","['Martínez', 'Robles', 'Baltazar', 'Gonzalez Diaz', 'Mancuello', 'Velasco', 'Angulo', 'Silva', 'De Buen', 'Garcia', 'Rodriguez']","['Preciado', 'Vergara', 'Francisco Brunetta', 'Rodríguez', 'Cervantes', 'Lopez', 'Campos', 'Doria', 'Torres', 'López', 'Lajud']"
195,2023-07-07,https://onefootball.com/es/partido/2385974,"[1, 1]","['Silvera', 'Méndez', 'Esquivel', 'Poggi', 'Garnica', 'Oliveros', 'Pena', 'Formiliano', 'Montes', 'González', 'Gudino']","['Gonzales', 'Martínez', 'Rodriguez', 'Canelo', 'Rivera', 'Madrigal', 'Vega', 'Diaz', 'Balanta', 'Zaragoza', 'De Jesús Corona']"
196,2023-07-07,https://onefootball.com/es/partido/2366742,"[2, 1]","['Hundal', 'Bitar', 'Kwak', 'White', 'Simmons', 'Cantave', 'Crawford', 'Romeo', 'Martínez', 'Cameron', 'Zielinski']","['Coimbra', 'Watson', 'Ferrin', 'Omar', 'Callegari', 'Daniels', 'Timóteo', 'Campagna', 'Nimick', 'Fernandez', 'Fillion']"
197,2023-07-08,https://onefootball.com/es/partido/2372211,"[4, 0]","['León', 'Quintero', 'Fajardo', 'Davis', 'Godoy', 'Carrasquilla', 'Bárcenas', 'Andrade', 'Cummings', 'Escobar', 'Mosquera']","['Almoez', 'Ahmed Shehata', 'Tarek', 'Assadalla', 'Djebril Mohamed', 'Madibo', 'Homam', 'Ayman', 'Al Hamawende', 'Bassam', 'Zakaria']"
198,2023-07-08,https://onefootball.com/es/partido/2372210,"[2, 0]","['Martín', 'Pineda', 'Chávez', 'Romo', 'Antuna', 'Álvarez', 'Gallardo', 'Vásquez', 'Montes', 'Sánchez', 'Ochoa']","['Contreras', 'Núñez', 'Alcócer', 'Campbell', 'Azofeifa', 'Borges', 'Calvo', 'Vargas', 'Waston', 'Valverde', 'Chamorro']"
199,2023-07-09,https://onefootball.com/es/partido/2372212,"[0, 1]","['Rubin', 'Mejía', 'Altán', 'Mendez Laing', 'Sequén', 'Castellanos', 'Ardón', 'Samayoa', 'Pinto', 'Herrera', 'Hagen']","['Antonio', 'Gray', 'Bailey', 'Lambert', 'Latibeaudiere', 'Decordova-Reid', 'Bell', 'Bernard', 'Lowe', 'Brown', 'Blake']"
200,2023-07-09,https://onefootball.com/es/partido/2372213,"[2, 2]","['Zendejas', 'Ferreira', 'Gressel', 'Mihailovic', 'Sands', 'Busio', 'Jones', 'Neal', 'Robinson', 'Reynolds', 'Turner']","['Cavallini', 'Hoilett', 'Millar', 'Osorio', 'Lumpungu', 'Ahmed', 'Laryea', 'Miller', 'Vitória', 'Mcgraw', 'St. Clair']"
201,2023-07-10,https://onefootball.com/es/partido/2362451,"[3, 3]","['Park', 'Kang', 'Kim', 'Kim', 'Kwon', 'Park', 'Park', 'Lee', 'Jang', 'Cho', 'Park']","['Ha', 'Ji', 'Sato', 'Ferreira de Oliveira', 'Pllana', 'Cho', 'Kim', 'Kim', 'Yoo', 'Kyuhyuk', 'Ahn']"
202,2023-07-10,https://onefootball.com/es/partido/2362452,"[2, 1]","['Youngwook', 'Lee', 'Kim', 'Kang', 'Kim', 'Kim', 'Lee', 'Lee', 'Kim', 'Park', 'Shin']","['Kim', 'Choi', 'Jung', 'Kim', 'Kwon', 'Sung', 'Choi', 'Lee', 'Cho', 'Jun', 'Koo']"
203,2023-07-10,https://onefootball.com/es/partido/2367140,"[0, 0]","['Puzirevskis', 'Sibass', 'Melnis', 'Rekis', 'Čiņajevs', 'Vapne', 'Rukhadze', 'Kersys', 'Vientiess', 'Fjodorovs', 'Beks']","['Lizunovs', 'Mukwelle', 'Afanasjevs', 'Urbans', 'Barkovskis', 'Cucurs', 'Harustak', 'Aizups', 'Bawa Zuure', 'Kudelkins', 'Kurakins']"
204,2023-07-10,https://onefootball.com/es/partido/2350945,"[1, 2]","['Nyman', 'Lind', 'Hammershoy-Mistrati', 'Khazeni', 'Traustason', 'Skulason', 'Baggesen', 'Eriksson', 'Lund', 'Eid', 'Jansson']","['Granath', 'Ahlstrand', 'Allansson', 'Aboud Al Ammari', 'Svedberg', 'Karlsson', 'Olsson', 'Baffo', 'Johansson', 'Ofosu-Ayeh', 'Nilsson']"
205,2023-07-10,https://onefootball.com/es/partido/2350944,"[1, 2]","['Norlin', 'Berg', 'Santos', 'Kåhed', 'Carlén', 'Hagen', 'Wendt', 'Bångsbo', 'Svensson', 'Hausner', 'Dahlberg']","['Krasniqi', 'Lushaku', 'Pardinho Torreta Junior', 'Le Roux', 'Karlsson', 'Nogueira de Oliveira', 'Zackrisson', 'Stanisic', 'Lindner', 'Silverholt', 'Lukic']"
206,2023-07-10,https://onefootball.com/es/partido/2347100,"[0, 0]","['Domínguez', 'Calderara', 'Tapia', 'Mater', 'Herrera', 'Arce', 'Insúa', 'Díaz', 'Álvarez', 'Peinipil', 'Desábato']","['Avalos', 'Rodríguez', 'Gonzalez', 'Montiel', 'Moyano', 'Redondo', 'Cabrera', 'Villalba', 'Di Cesare', 'Minissale', 'Arias']"
207,2023-07-10,https://onefootball.com/es/partido/2347102,"[0, 0]","['Benítez', 'Farias', 'Arrúa', 'Perlaza', 'Orlando Vega', 'Pierotti', 'Delgado', 'Goltz', 'Nardelli', 'Meza', 'Chicco']","['Zapelli', 'Vegetti', 'Diarte', 'Rojas', 'Longo', 'Alejandro Castro', 'Pereira', 'Meriano', 'Rébola', 'Moreno', 'Losada']"
208,2023-07-10,https://onefootball.com/es/partido/2347101,"[1, 0]","['Barco', 'Vasquez', 'Merentiel', 'Fernández', 'Varela', 'Medina', 'Fabra', 'Valentini', 'Valdez', 'Weigandt', 'Romero']","['Cóccaro', 'Mazzantti', 'Gómez', 'Hezze', 'Godoy', 'Carlos Gauto', 'Benitez', 'Novillo', 'Tobio', 'Soto', 'Chaves']"
209,2023-07-10,https://onefootball.com/es/partido/2347110,"[0, 0]","['Santos', 'Sosa', 'Garro', 'Valoyes', 'Villagra', 'Ortegoza', 'Portillo', 'Rodriguez', 'Catalán', 'Benavídez', 'Herrera']","['Domina', 'Machuca', 'Del Blanco', 'Luna Diale', 'Gordillo', 'Martin Roldan', 'Vera', 'Corvalán', 'Ezequiel Calderon', 'Paz', 'Moyano']"
210,2023-07-10,https://onefootball.com/es/partido/2400348,"[2, 0]","['Yilmaz', 'Kilinc', 'Mertens', 'Akgün', 'Kutlu', 'Midtsjo', 'Dubois', 'Bayram', 'Ayhan', 'Boey', 'Sen']","['Mesanovic', 'Czékus', 'Vida', 'Camaj', 'Marcolini Dantas Bertucci', 'Ötvös', 'Cipetic', 'Széles', 'Jovicic', 'Kovacic', 'Petkovic']"
211,2023-07-10,https://onefootball.com/es/partido/2406044,"[0, 1]","['Ahmed', 'Ahmed', 'El Banouby', 'El Zahdi', 'Talaat', 'Kyambadde', 'El Sayed', 'Abou Elfetouh', 'Abdel Rasoul', 'Yehia', 'El Sayed']","['El Shamy', 'Magdy Mohamed', 'Madbouli', 'Annor', 'Aka', 'Abouelfetouh Ibrahim', 'Desouki', 'El Sayed Hashem', 'Nasr', 'Sobhy', 'Moneim Aly']"
212,2023-07-10,https://onefootball.com/es/partido/2406045,"[1, 0]","['Mansour', 'Tarek', 'Joules', 'Mohamed', 'Shawky Ali Elmarghany', 'Badr Mokhtar', 'Meteb', 'Fathallah', 'Gaber', 'Abdel Rahman', 'Abdelsamie Radwan']","['Bartolomeu Kamone', 'Khaled', 'Zaky', 'Nagy', 'Fathi', 'Ayagwa', 'Omar Ali', 'Fathy Castelo', 'Atwa', 'Mostafa', 'Walid']"
213,2023-07-10,https://onefootball.com/es/partido/2406046,"[2, 1]","['Shalabi', 'Arthur', 'Amadi', 'Gaber Tawfik Hussein', 'Toni', 'El Sayed', 'Shokry', 'Abdou Mohamed', 'Nabil', 'Ebadah', 'Mohamed Hass']","['Lakay', 'Hafez', 'Sadek Ali', 'Abdel Hameid Mohamed Abdelha', 'Mohamed Hassan', 'El Karti', 'Hamdy Mahmoud Sharfedin', 'Samy', 'Gabr', 'Chibi', 'El Shenawy']"
214,2023-07-10,https://onefootball.com/es/partido/2372185,"[0, 0]","['Goumas', 'Tzimas', 'Apostolakis', 'Kyriopoulos', 'Nikolaou', 'Tsikos', 'Spyrakos', 'Prodromitis', 'Kalogeropoulos', 'Keramitsis', 'Monastirlis']","['Thorsteinsson', 'Gudmundsson', 'Nökkvason', 'Birgisson', 'Brynjólfsson', 'Jörundsson', 'Kristjánsson', 'Adalsteinsson', 'Róbertsson', 'Karlsson', 'Petersson']"
215,2023-07-10,https://onefootball.com/es/partido/2372182,"[0, 0]","['Morán Ibanez', 'Diao', 'Pérez Guerrero', 'Pujol', 'Garrido', 'Rodríguez Crespo', 'Garreta', 'Gasiorowski', 'Keddari Boulif', 'Jiménez', 'Astralaga']","['Bassi', 'Thoresen', 'Sivertsen', 'Braude', 'Roaldsöy', 'Ødegård', 'Egeli', 'Hopland', 'Haram', 'Solheim', 'Rugland Ree']"
216,2023-07-10,https://onefootball.com/es/partido/2399666,"[3, 1]","['Gómez', 'Huaccha', 'Ross', 'Lliuya', 'Salcedo', 'Benitez', 'Ángeles', 'Valoyes', 'Colombo', 'Huamán', 'Zamudio']","['Ayarza', 'Olivares', 'Rodríguez Valla', 'Da Luz', 'Barreto', 'Vidales', 'Yovera', 'Quina', 'Alonso', 'Estrada', 'Ferreyra']"
217,2023-07-10,https://onefootball.com/es/partido/2364954,"[1, 0]","['da Silva Dantas', 'Cordeiro Pessôa Neto', 'de Brito', 'Sousa e Silva', 'de Souza Teles', 'Paraguaio', 'Silva Nascimento', 'Domachowski', 'Ferreira Donato', 'da Silva Cruz', 'Junior']","['Gamalho de Souza', 'Goncalves Martins', 'Giovanni Augusto', 'Osvaldo', 'Rodrigues Nunes', 'Marques Aires', 'Vieira Augusto', 'Wagner Leonardo', 'Camatunga', 'Reis Ferreira', 'Lucas Arcanjo']"
218,2023-07-10,https://onefootball.com/es/partido/2385976,"[4, 0]","['Davila', 'Alvarado', 'Mena', 'Hernández', 'Angulo', 'Rodriguez', 'Moreno', 'Tesillo', 'Frias', 'Barreiro', 'Cota']","['De La Rosa', 'Di Yorio', 'Hernández', 'Luna', 'Montiel', 'De La Fuente Gómez', 'Rodríguez', 'Barreto', 'Cabral', 'Castillo', 'Ustari']"
219,2023-07-11,https://onefootball.com/es/partido/2358707,"[0, 0]","['Silva', 'Cesinha', 'Damacena', 'Hwang', 'Jaehyeon', 'Lee', 'Hong Chul', 'Kim', 'Jo', 'Kim', 'Oh']","['Yang', 'Park', 'Galego', 'Rim', 'Alibaev', 'Han', 'Yun', 'Kim', 'Tuci', 'Kim', 'Gwangyeon']"
220,2023-07-11,https://onefootball.com/es/partido/2358708,"[0, 0]","['Reis Silva Morais', 'Seo', 'Jeon', 'Kim', 'Lee', 'Kim', 'An', 'Lee', 'Im', 'Yeon', 'Kim']","['Jaguaribe', 'Heo', 'Jung', 'Lee', 'Jeong', 'Asani', 'Lee', 'Ahn', 'Letschert', 'Doo', 'Kim']"
221,2023-07-12,https://onefootball.com/es/partido/2372215,"[1, 1]","['Cowell', 'Vazquez', 'Ferreira', 'Mihailovic', 'Sands', 'Busio', 'Jones', 'Long', 'Robinson', 'Reynolds', 'Turner']","['León', 'Quintero', 'Fajardo', 'Davis', 'Godoy', 'Carrasquilla', 'Bárcenas', 'Andrade', 'Cummings', 'Escobar', 'Mosquera']"
222,2023-07-12,https://onefootball.com/es/partido/2372214,"[0, 3]","['Antonio', 'Gray', 'Bailey', 'Lambert', 'Latibeaudiere', 'Decordova-Reid', 'Bell', 'Bernard', 'Lowe', 'Brown', 'Blake']","['Martín', 'Sánchez', 'Pineda', 'Romo', 'Chávez', 'Antuna', 'Gallardo', 'Vásquez', 'Montes', 'Sánchez', 'Ochoa']"
223,2023-07-13,https://onefootball.com/es/partido/2412920,"[5, 0]","['Forbs Borges', 'Duarte Ribeiro', 'Félix Sequeira', 'Alves de Freitas Azevedo e Sá', 'Madeira Fernandes Félix', 'Loureiro Carvalho Justo', 'Costa Marques', 'Costa Brás', 'Teixeira Ribeiro', 'do Lago Pontes Esteves', 'Azevedo Ribeiro']","['Flataker', 'Thoresen', 'Braude', 'Roaldsöy', 'Ødegård', 'Bassi', 'Egeli', 'Hopland', 'Haram', 'Solheim', 'Rugland Ree']"
224,2023-07-13,https://onefootball.com/es/partido/2412921,"[2, 3]","['Barberà', 'Akhomach', 'Pérez Guerrero', 'Morán Ibanez', 'Palacios', 'García', 'Valle', 'Gasiorowski', 'Casas', 'Fresneda', 'Iribarne']","['Vignato', 'Esposito', 'Kayode', 'Hasa', 'Faticanti', 'Pisilli', 'Regonesi', 'Dellavalle', 'Dellavalle', 'Missori', 'Mastrantonio']"
225,2023-07-13,https://onefootball.com/es/partido/2386689,"[1, 1]","['Duah', 'Okunuki', 'Moller Daehli', 'Hayashi', 'Brown', 'Geis', 'Handwerker', 'Lawrence', 'Marquez', 'Valentini', 'Mathenia']","['Nelson', 'Nketiah', 'Saka', 'Trossard', 'Thomas', 'Vieira', 'Kiwior', 'Gabriel', 'Saliba', 'White', 'Ramsdale']"
226,2023-07-13,https://onefootball.com/es/partido/2376607,"[4, 1]","['Kahraba', 'El Shahat', 'Magby', 'Tau', 'Dieng', 'Ramadan', 'Maâloul', 'Mohamed Ahmed', 'El Hanafy', 'El Demerdash', 'El Shenawy']","['Jaziri', 'Abdallah', 'Ndiaye', 'Shikabala', 'Sayed', 'El Fotouh', 'Mohamed Hassan', 'Abdelmaguid', 'Abdulghani', 'Mathlouthi', 'Daader']"
227,2023-07-13,https://onefootball.com/es/partido/2353195,"[1, 1]","['Wöhler', 'Atlason', 'Aziz', 'Arnarson', 'Gissurarson', 'Eggertsson', 'Jónsson', 'Leifsson', 'Faqa', 'Jónsson', 'Ólafsson']","['Finnbogason', 'Bjarnason', 'Sigurjonsson', 'Jonsson', 'Albertsson', 'Øby', 'Jonasson', 'Palmason', 'Pálsson', 'Chopart', 'Lillevik']"
228,2023-07-13,https://onefootball.com/es/partido/2405582,"[0, 0]","['Aranguiz', 'Vilches', 'Oyarzo', 'Rivera', 'Reyes', 'Dittborn', 'Campusano', 'Zalazar', 'Caroca', 'Cerezo', 'Pérez']","['Sosa', 'Fuentes', 'Sepulveda', 'Ríos', 'Díaz', 'Juárez', 'Cereceda', 'Bosso', 'Labrin', 'Rojas', 'Ahumada']"
229,2023-07-13,https://onefootball.com/es/partido/2405579,"[2, 1]","['Melgarejo', 'Santa Cruz', 'Villalba', 'Gómez', 'Campuzano', 'Sanabria', 'Espinoza', 'Barboza', 'Vieira', 'Piris', 'Silva']","['Obando', 'Retegui', 'Armoa', 'Prieto', 'Cardozo', 'Menossi', 'Garay', 'Luciatti', 'Aguilera', 'Ortega', 'Marinelli']"
230,2023-07-13,https://onefootball.com/es/partido/2364965,"[1, 1]","['de Sena Araujo', 'Vizeu', 'Fabinho', 'Alves Baptista', 'Cabral Evaristo', 'Melo Oliveira', 'Hermes', 'Poltronieri Pereira', 'Fagundes de Freitas', 'Coelho Salvático', 'Alisson']","['Freitas Ribeiro', 'Lima Ferreira', 'Bruninho', 'de Souza', 'Bueno', 'Matheus', 'da Silva Ferreira', 'Caique', 'de Mota de Amorim', 'Mateus', 'Guidolin Pegorari']"
231,2023-07-13,https://onefootball.com/es/partido/2384367,"[1, 2]","['Moreira de Sousa', 'Rony', 'Raphael Veiga', 'Dudu', 'Richard Ríos', 'Zé Rafael', 'Piquerez Moreira', 'Gustavo Gómez', 'Luan', 'Mayke', 'Weverton']","['Calleri', 'Rodrigo Nestor', 'Luciano', 'Rato', 'Alisson', 'Gabriel Neves', 'Caio Paulista', 'Diego Costa', 'Arboleda', 'Rafinha', 'Rafael']"
232,2023-07-13,https://onefootball.com/es/partido/2385978,"[0, 0]","['Preciado', 'Vergara', 'Francisco Brunetta', 'Rodríguez', 'Cervantes', 'Lopez', 'Campos', 'Doria', 'Torres', 'López', 'Lajud']","['Lozano', 'García', 'Aguirre', 'Zaldivar Valverde', 'Rocha', 'Martínez', 'Reyes', 'Santamaría', 'Nervo', 'Abella', 'Vargas']"
233,2023-07-13,https://onefootball.com/es/partido/2385977,"[2, 0]","['Marin', 'Padilla', 'Beltran', 'Guzman', 'Brizuela', 'Torres', 'Yonathan Calderon', 'Orozco', 'Sepúlveda', 'Mozo', 'Jiménez']","['Batista', 'Méndez', 'Esquivel', 'Poggi', 'Garnica', 'Alejandro Rodríguez', 'Pena', 'Formiliano', 'Montes', 'González', 'Gudino']"
234,2023-07-14,https://onefootball.com/es/partido/2366622,"[1, 0]","['Kerr', 'Foord', 'Vine', 'Cooney-Cross', 'Gorry', 'Raso', 'Catley', 'Kennedy', 'Hunt', 'Carpenter', 'Arnold']","['Bacha', 'Le Sommer', 'Diani', 'Dali', 'Toletti', 'Geyoro', 'Karchaoui', 'Renard', 'de Almeida', 'Lakrar', 'Peyraud-Magnin']"
235,2023-07-14,https://onefootball.com/es/partido/2372791,"[5, 0]","['Miyazawa', 'Tanaka', 'Fujino', 'Endo', 'Nagano', 'Hasegawa', 'Shimizu', 'Minami', 'Kumagai', 'Ishikawa', 'Yamashita']","['Tanner', 'Cox', 'González', 'Quintero', 'Cedeño', 'Jaén', 'Baltrip-Reyes', 'Pinzón', 'Natis', 'Castillo', 'Bailey']"
236,2023-07-14,https://onefootball.com/es/partido/2372462,"[1, 2]","['Jónsdóttir', 'Gudmundsdottir', 'Vilhjálmsdóttir', 'Magnúsdóttir', 'Jóhannsdóttir', 'Vidarsdottir', 'Kristjánsdóttir', 'Viggosdottir', 'Arnardottir', 'Albertsdóttir', 'Ívarsdóttir']","['Rantala', 'Sällström', 'Öling', 'Kosola', 'Summanen', 'Peuhkurinen', 'Pikkujämsä', 'Nyström', 'Kuikka', 'Koivisto', 'Korpela']"
237,2023-07-14,https://onefootball.com/es/partido/2373849,"[3, 0]","['Hanson', 'Thomas', 'Watson', 'Weir', 'Kerr', 'Cuthbert', 'Docherty', 'Mitchell', 'Howard', 'Brown', 'Alexander']","['Wade', 'Magill', 'Hamilton', 'McCarron', 'Furness', 'Andrews', 'Vance', 'Holloway', 'McFadden', 'McKenna', 'Turner']"
238,2023-07-14,https://onefootball.com/es/partido/2383074,"[3, 1]","['Konaté', 'Tocantins', 'Otavio Mendes', 'Ott', 'Pora', 'Pradana', 'Saputra', 'da Silva Alves', 'De Murga', 'Kaffa', 'Rizky']","['Sano', 'Bokhashvili', 'Cawor', 'Hamisi', 'Bustos', 'Kurniawan', 'Ansanay', 'Ayoub', 'Lira de Matos', 'Lestaluhu', 'Pinthus']"
239,2023-07-14,https://onefootball.com/es/partido/2383075,"[0, 1]","['Moreira Varela', 'Prudente', 'Oliveira Santos', 'Febrian', 'Yamazaki', 'Lestusen', 'Oktavianto', 'Wahyu', 'Kovacevic', 'Lasenari', 'Indrayana']","['Pluim', 'Nascimento do Mendonça', 'Nambu', 'Sayuri', 'Tanjung', 'Arfan', 'Dethan', 'Sayuri', 'Fernandes Rocha Lopes', 'Tahar', 'Pratama']"
240,2023-07-14,https://onefootball.com/es/partido/2383076,"[2, 2]","['Alves Santi Ferreira e Silva', 'da Silva', 'Haryadi', 'Putra', 'Kurnia', 'Klok', 'Irianto', 'Rodríguez', 'Kuipers', 'Igbonefo', 'Paku Alam']","['Maulana', 'Martins Ferreira', 'Osman', 'Rusadi', 'Berlian', 'Kambuaya', 'Ballah', 'Mannan', 'Mitrevski', 'Setiawan', 'Stevens']"
241,2023-07-14,https://onefootball.com/es/partido/2378425,"[1, 0]","['Hossain', 'Nascimento', 'Azevedo da Silva', 'Rana', 'Ferreira Damasceno', 'Gafurov', 'Hossen', 'Badsha', 'Barman', 'Ghosh', 'Rahman Zico']","['Fahim', 'Nworah', 'Colindres', 'Hasan', 'Ridoy', 'Rana', 'Molla', 'Mohammad', 'Bablu', 'Mia', 'Alam']"
242,2023-07-14,https://onefootball.com/es/partido/2400485,"[1, 1]","['Ursu', 'Fatai', 'Pop', 'Cisotti', 'Neagu', 'Pereira Nunes Silva', 'Zhelev', 'López', 'Yabré', 'Rus', 'Stoian']","['Cooper', 'Dumitrascu', 'Fabry', 'Pop', 'Carp', 'Mihai', 'Abeid', 'Markov', 'Benga', 'Roganovic', 'Iacob']"
243,2023-07-14,https://onefootball.com/es/partido/2400487,"[0, 0]","['Dugandzic', 'Papeau', 'Cîrjan', 'Bamgboye', 'Albu', 'Constantin Oaida', 'Braun', 'Cristea', 'Sapunaru', 'Onea', 'Moldovan']","['Matel', 'Safranko', 'Gheorghe', 'Paun', 'Rodríguez', 'Stefanescu', 'Otelita', 'Tamas', 'Balasa', 'Ciobotariu', 'Niczuly']"
244,2023-07-14,https://onefootball.com/es/partido/2400349,"[1, 1]","['Fitz', 'Tabakovic', 'Fischer', 'Potzmann', 'Jukic', 'Holland', 'Ranftl', 'Galvao', 'Martins', 'Handl', 'Kos']","['Yilmaz', 'Kerem Akturkoglu', 'Demir', 'Akgün', 'Kutlu', 'Midtsjo', 'Karatas', 'Bardakci', 'Nelsson', 'Boey', 'Muslera']"
245,2023-07-14,https://onefootball.com/es/partido/2406049,"[2, 4]","['Bartolomeu Kamone', 'Khaled', 'El Sayed', 'Nagy', 'Fathi', 'Ayagwa', 'Omar Ali', 'Atwa', 'Fathy Castelo', 'Mostafa', 'Hossam']","['El Banouby', 'John', 'Kyambadde', 'Chimezie', 'Talaat', 'Alfred', 'El Sayed', 'Abdel Rasoul', 'El Gharieb', 'Yehia', 'El Sayed']"
246,2023-07-14,https://onefootball.com/es/partido/2406050,"[2, 1]","['Valentine', 'El Gabry', 'Gamal', 'Gharib', 'Abdel Hakim Helmy', 'Kenawi', 'Reda', 'El Kadi', 'Sami', 'Ben Wali', 'Emad']","['Ekpenyong', 'Orok', 'El Sheikh', 'Gaber', 'Mkami', 'El Nadry', 'Samir', 'El-Sayed El-Henawy', 'Al Aash', 'Al Shabrawy', 'Shaaban']"
247,2023-07-14,https://onefootball.com/es/partido/2406052,"[1, 0]","['Ahmed Youssef', 'Mahmoud Abdelmoaty', 'Yasser', 'Kaoud', 'Fathi', 'Sayed Ahmed', 'Yakubu', 'El Gazzar', 'Simporé', 'Bassiouny', 'Abougabal']","['El Said Abdelmonsef', 'Mouhran Mohamed', 'Refaat Ahmed El Sawy', 'Fouad Zaza', 'Ghanam Abdalla', 'Martins', 'Abd Elwahed', 'Abdel Hamid', 'El Sayed Abdel Aal Mohamed', 'Mahmoud Abdelnabi', 'Mortada Attia Ali']"
248,2023-07-14,https://onefootball.com/es/partido/2406055,"[4, 2]","['Lakay', 'Hassan', 'Abdelmohsen Hassan', 'Sadek Ali', 'Mohamed Hassan', 'Abdelazim Hassan', 'Hafez', 'Hamdy Mahmoud Sharfedin', 'Fathi', 'Chibi', 'Nader Elshazly']","['Hamdy', 'Mohamed', 'Joules', 'Mohamed', 'Badr Mokhtar', 'Wahid', 'Hassan', 'Fathallah', 'Stouhi', 'Abdel Rahman', 'Abdelsamie Radwan']"
249,2023-07-14,https://onefootball.com/es/partido/2352308,"[1, 1]","['Moylan', 'Boyd', 'Hakiki', 'Lunney', 'Coyle', 'Caffrey', 'Molloy', 'Byrne', 'Barrett', 'Wilson', 'Kearns']","['Afolabi', 'McDaid', 'McDonnell', 'Connolly', 'Flores', 'McManus', 'Kirk', 'Radkowski', 'Nowak', 'Buckley', 'Talbot']"
250,2023-07-14,https://onefootball.com/es/partido/2352309,"[1, 3]","['Doyle', 'Raggett', 'Brennan', 'Wells', 'Verdon', 'Dempsey', 'Gallagher', 'Keaney', 'Clancy', 'Babb', 'Moore']","['Brennan', 'Rooney', 'Markey', 'Foley', 'Deegan', 'Noone', 'Weir', 'Keeley', 'Adegboyega', 'Heeney', 'Wogan']"
251,2023-07-14,https://onefootball.com/es/partido/2353197,"[0, 1]","['Magnússon', 'Bello Saraiva', 'Hafsteinsson', 'Jóhannsson', 'Geirsson', 'da Silva Fernandes', 'Ægisson', 'Magnússon', 'Tshiembe', 'Arnarson', 'Ólafsson']","['Einarsson', 'A. Olsen', 'Hlynsson', 'Lúdvíksson', 'Sigurdarson', 'Eyjolfsson', 'Ingvarsson', 'Stefansson', 'Margeirsson', 'Adalsteinsson', 'Einarsson']"
252,2023-07-14,https://onefootball.com/es/partido/2406396,"[1, 1]","['Peraza', 'Gentile', 'Abisab', 'Fernández', 'Mejía', 'Diez', 'Ortiz', 'Gambetta', 'Cruz Randazzo', 'Canales', 'Zubczuk']","['Fernández', 'Manzaneda Pineda', 'Canela', 'Aguirre', 'Fernández', 'Arias', 'Perleche', 'Mendieta', 'Pizzorno', 'Guzmán', 'Melián']"
253,2023-07-14,https://onefootball.com/es/partido/2406397,"[2, 0]","['Rivera', 'Herrera', 'Cabanillas', 'Calcaterra', 'Pérez Guedes', 'Ancajima', 'Urena', 'Di Benedetto', 'Riveros', 'Saravia', 'Carvallo']","['Arrieta', 'De Jesus', 'Aranda', 'Neira', 'Vargas', 'Jiménez', 'Sánchez', 'Uculmana', 'Payares', 'Maelo Reategui Castillo', 'Ruíz']"
254,2023-07-14,https://onefootball.com/es/partido/2353734,"[2, 0]","['Castro', 'Munder', 'Valencia', 'García', 'Camargo', 'Mesías', 'Jorquera', 'Alarcón', 'Silva', 'Pacheco', 'Daniel Requena']","['Martínez', 'Rodríguez', 'Palmezano', 'Montes', 'Martínez', 'Altamirano', 'Baeza', 'Ramirez', 'Gazzolo', 'Gutiérrez', 'Castellon']"
255,2023-07-14,https://onefootball.com/es/partido/2359035,"[1, 3]","['Becerra', 'Charrupí', 'Paternina', 'Vargas', 'Valbuena', 'Parra', 'Rodallega', 'Noreña', 'Ordóñez', 'Cuervo', 'Parra']","['Martínez', 'Mosquera', 'Reina', 'Maza', 'Chávez', 'Mejía', 'Florez', 'Henao', 'Mena', 'Gomez', 'Aguirre']"
256,2023-07-14,https://onefootball.com/es/partido/2359032,"[2, 1]","['De La Rosa', 'Caicedo', 'Gil', 'Díaz', 'Angulo', 'Hernández', 'Gutierrez', 'Mosquera', 'Escorcia', 'Lerma', 'Cabezas']","['Camargo', 'Contreras', 'Hinojosa', 'Guisao', 'Cantillo', 'Mejía', 'Correa', 'Trujillo', 'Lora', 'Mercado', 'Sánchez']"
257,2023-07-14,https://onefootball.com/es/partido/2347117,"[2, 2]","['Conechny', 'Rodríguez', 'Lopez Munoz', 'Abrego', 'Leyes', 'Fernandez', 'Galdames', 'Rasmussen', 'Barrios', 'Mendoza', 'Rodríguez']","['Fernandez', 'Togni', 'Schamine', 'Alanís', 'Gutiérrez', 'Tripichio', 'Soto', 'Ramos', 'Colombo', ""Sant'Anna"", 'Bologna']"
258,2023-07-14,https://onefootball.com/es/partido/2347123,"[1, 1]","['Melano', 'Cruz Kaprof', 'Díaz', 'Quiroga', 'García', 'Rosso', 'Bettini', 'Sbuttoni', 'Insaurralde', 'Donatti', 'Devecch']","['Castro', 'Bou', 'Prestianni', 'Ortega', 'Florentín', 'Ignacio', 'Garcia', 'Gómez', 'Gianetti', 'Jara', 'Burián']"
259,2023-07-14,https://onefootball.com/es/partido/2347124,"[0, 1]","['Carlos Gauto', 'Cóccaro', 'Mazzantti', 'Spina', 'Hezze', 'Gómez', 'Benitez', 'Novillo', 'Tobio', 'Soto', 'Chaves']","['Bustos', 'Depietri', 'Garro', 'Valoyes', 'Villagra', 'Ortegoza', 'Portillo', 'Palacios', 'Catalán', 'Benavídez', 'Herrera']"
260,2023-07-14,https://onefootball.com/es/partido/2364964,"[3, 1]","['Coutinho', 'Luis Fernando', 'Shaylon', 'Tubarao', 'De Sales Cabral', 'Simião Gomes', 'Jefferson', 'Heron', 'de Souza Sampaio', 'Soares', 'Ronaldo']","['Love', 'da Silva Junior', 'Silva da Costa', 'Edson', 'Ronaldo', 'Ribeiro Lima', 'Aquino da Silva', 'Chagas Monteiro', 'Thyere', 'Ewerthon', 'Renan']"
261,2023-07-14,https://onefootball.com/es/partido/2364972,"[0, 0]","['Ytalo', 'dos Santos Neto', 'Barbosa Vieira Junior', 'de Moraes Rodrigues', 'Santiago', 'Silva dos Santos', 'Alyson', 'de Oliveira Furtado', 'Henrique', 'Cardoso Francisco', 'de Carvalho Silva']","['Ferreira De Jesus', 'Saraiva de Souza Silva', 'dos Santos Carvalheira Natividade', 'Cunha Borges', 'Thiaguinho', 'Soares de Oliveira Filho', 'Valério', 'Pereira', 'de Souza', 'Pacheco', 'da Silva Paulino']"
262,2023-07-14,https://onefootball.com/es/partido/2363185,"[0, 0]","['De Rosario', 'Nogueira Carvalho Santos', 'Alou', 'Bayiha', 'Soumaoro', 'Baldisimo', 'Gee', 'Thompson', 'Mourdoukoutas', 'Ferrari', 'Giantsopoulos']","['Manneh', 'Reid', 'Heard', 'Aparicio', 'Toussaint', 'Yeates', 'Lajeunesse', 'Meilleur-Giguère', 'Amedume', 'Mukumbilwa', 'Gazdov']"
263,2023-07-14,https://onefootball.com/es/partido/2385980,"[0, 3]","['Amarilla', 'Bello', 'Montaño', 'Medina', 'Flores', 'Intriago', 'Venegas', 'Vidrio', 'Almada', 'Colula', 'González']","['Funes Mori', 'Cortizo', 'Berterame', 'Ortiz', 'Gonzalez', 'Meza', 'Vegas', 'Moreno', 'Medina', 'Aguirre', 'Andrada']"
264,2023-07-14,https://onefootball.com/es/partido/2385979,"[2, 1]","['Gonzales', 'Martínez', 'Rodriguez', 'Canelo', 'Rivera', 'Madrigal', 'Vega', 'Diaz', 'Balanta', 'Zaragoza', 'De Jesús Corona']","['Cambindo', 'Moisés', 'Rodolfo Rotondi', 'Tabo', 'Castaño', 'Lira', 'Rivero', 'Salcedo', 'Ditta', 'Huescas', 'Gudino']"
265,2023-07-14,https://onefootball.com/es/partido/2357030,"[0, 5]","['Williams', 'Tejada', 'Chapman', 'Echevarria', 'Beckford', 'Williams', 'Seagrist', 'Mahoney', 'Agren', 'Skundrich', 'Herrera']","['Conway', 'Moshobane', 'Bodily', 'Adams', 'Martín', 'Corona', 'Perez', 'Martin', 'Stoneman', 'Riley', 'Koke']"
266,2023-07-14,https://onefootball.com/es/partido/2360169,"[0, 1]","['Komai', 'Sarachart', 'Asano', 'Fernandes', 'Miyazawa', 'Arano', 'Kaneko', 'Nakamura', 'Okamura', 'Tanaka', 'Sugeno']","['Suzuki', 'Komi', 'Mito', 'Matsuda', 'Hoshi', 'Ko', 'Arai', 'Watanabe', 'Deng', 'Fujiwara', 'Kojima']"
